prox_to	prox_ct	n_proximal	pval	pvale_adjust	or	or05	or95	log_or95	log_or05	log_or
B1	B1	139	1.5473472555639e-32	1.34103428815538e-31	3.69468979256585	3.03289965417273	4.47719193280126	1.4989960491912	1.1095191434815	1.30689659757842
F1	B1	92	1.60651909199754e-07	4.17694963919361e-07	0.587820348851382	0.470179827140094	0.7271786976962	-0.318583030145019	-0.754640046518563	-0.531333906931371
F2	B1	35	0.000960244192416356	0.00166442326685502	0.580021542225435	0.400386571313652	0.815140737084502	-0.204394497110094	-0.915324770281182	-0.544690034363419
F3	B1	27	1.95909220383126e-15	1.27340993249032e-14	0.281227572880765	0.184249403023232	0.411998017240677	-0.886736742166821	-1.69146498795467	-1.26859106951137
L1	B1	29	0.197916260764962	0.245039179994715	0.772610819041427	0.511358784905027	1.1253936133717	0.118132853015774	-0.670683812049728	-0.257979825429122
L2	B1	61	4.15465995158464e-06	9.82010534010916e-06	1.99946858581963	1.49951354415804	2.62660054234688	0.96569044065138	0.405140751615646	0.692881438163378
L3	B1	16	0.223227537081356	0.263814362005239	0.70599933762353	0.398128334308682	1.1664887680528	0.15399818367414	-0.920980877661123	-0.348140979699632
L4	B1	2	1	1	0.854958565588334	0.0993484297950657	3.34574109126534	1.20768822098897	-2.30912211488962	-0.156702272519858
L5	B1	6	0.31722964567769	0.358607425548693	1.46042401992992	0.514441007083676	3.37945494335492	1.21771443712879	-0.664674390955197	0.378726818164714
L6	B1	8	0.0075845416870296	0.0106636541046908	3.14099530715831	1.2599699334077	6.8789936178628	1.92847236477238	0.231087858303836	1.14453972649564
M1	B1	41	6.0087147717674e-11	2.23180834379932e-10	0.400894142089613	0.285756496158724	0.548117283975304	-0.601265993080786	-1.25261524285181	-0.914057871339625
M2	B1	18	3.87404742265149e-15	2.01450465977877e-14	0.229921636926958	0.135536567237147	0.365830362234297	-1.00558554418913	-1.99851380616161	-1.47001673712667
M3	B1	46	0.0165300106126621	0.0214890137964607	1.48262047654275	1.06701902050806	2.01720106472903	0.701710939045512	0.0648687983163644	0.39381111438398
M4	B1	75	0.000944400748569753	0.00166442326685502	1.53636441539772	1.19048304236312	1.95830427030202	0.672078930555146	0.174359142713234	0.42941885619413
M5	B1	8	5.37402533836526e-10	1.74655823496871e-09	0.187451673334636	0.0804725203777007	0.372302790809604	-0.988047802000473	-2.5198395146025	-1.67423420900818
M6	B1	4	0.00779267030727403	0.0106636541046908	0.304091865945299	0.0819446017850206	0.792704817195836	-0.232304362210555	-2.50171184801784	-1.19042543261677
M7	B1	2	1	1	0.705212491688697	0.0825241648561794	2.7218516133219	1.00131238890128	-2.49466412118285	-0.349256114933094
M8	B1	23	0.00427752408584745	0.0069509766395021	1.9986759352216	1.23009219677327	3.10989145818175	1.1345878246759	0.207089123301448	0.692484928930536
M9	B1	18	1.3207645404187e-05	2.86165650424052e-05	3.6970163412665	2.06761774353644	6.29132188609265	1.839171205404	0.726397096009463	1.30752610008714
Olig1	B1	13	0.000256390686922732	0.000512781373845465	0.395142214814947	0.2085274165828	0.683641529098803	-0.380321579002557	-1.56768475198599	-0.92850954137277
Olig2	B1	23	0.340507747010206	0.36888339259439	1.22630232453905	0.762681551160428	1.88367739665494	0.633225928294081	-0.27091469895932	0.204003401355318
Tumor1	B1	1619	2.79209900241837e-142	7.25945740628776e-141	2.68362523397126	2.48469601803597	2.89857440465581	1.06421903152366	0.910150325319977	0.987168579692371
Tumor2	B1	327	1.05231010772403e-63	1.36800314004124e-62	0.402612864356256	0.356925847099145	0.452933282547414	-0.792010443490522	-1.03022722998434	-0.909779813092066
Tumor3	B1	152	1.40469816967985e-09	4.05801693463069e-09	0.614406731730286	0.516402543711067	0.726565099106702	-0.319427193507621	-0.660868694167664	-0.487098140616435
Tumor4	B1	73	0.00765315890292028	0.0106636541046908	0.727775127661728	0.565318497629155	0.92431703044951	-0.0787001596409553	-0.570365994043994	-0.31776316907652
Tumor5	B1	37	7.03050373814957e-12	3.04655161986481e-11	0.370781332112369	0.259368207262799	0.514989422343059	-0.663608917669024	-1.34950657720642	-0.992142791454307
B1	F1	78	1.96066920370328e-07	4.07215911538373e-07	0.553970334145208	0.431359642082225	0.703102474855703	-0.352252629863285	-0.840813100441211	-0.590644142142979
F1	F1	1131	1.53766787011394e-268	4.15170324930764e-267	4.96239556932824	4.54671125389566	5.41638358118239	1.68942835680638	1.51440417027441	1.6018886018278
F2	F1	317	8.26707750269948e-35	4.46422185145772e-34	2.52583073097187	2.18905051267251	2.91047982258654	1.06831795507774	0.783467893958592	0.926570010983009
F3	F1	161	2.02520349096567e-11	4.97095402327936e-11	0.583896653901583	0.491243973553599	0.690214659139689	-0.370752629570018	-0.710814383449285	-0.538031274310909
L1	F1	182	1.9065177683746e-15	5.14759797461142e-15	2.1479276127886	1.78627902195751	2.5753951566729	0.946002981244184	0.580134697551932	0.764503476259678
L2	F1	137	9.43078352899204e-07	1.81879396630561e-06	1.68015973942667	1.36765462004563	2.05450274408431	0.720033844986242	0.313097316597381	0.518888871887133
L3	F1	136	8.95137310793443e-21	3.02108842392787e-20	3.02194771040114	2.40853955028028	3.78248748891732	1.33038185905225	0.879020568078611	1.10590156072307
L4	F1	10	0.130813749534804	0.147165468226654	1.75002004090299	0.749758907281349	3.77474567217347	1.32833300882174	-0.288003581088345	0.559627239814417
L5	F1	17	0.108053822322021	0.126845791421503	1.58285379661967	0.851593842761264	2.80990084681965	1.03314919689379	-0.160645576189439	0.459229418212646
L6	F1	13	0.0784706282301434	0.0963048619188124	1.83505767957218	0.880937626884183	3.61138066044692	1.28409015364517	-0.126768453640589	0.607075914021889
M1	F1	226	0.00202823870292216	0.00322132029287636	0.79919878879512	0.688935281142614	0.923808755651857	-0.079250203165363	-0.372607943958535	-0.224145567170563
M2	F1	241	0.00530928688857053	0.00716753729957021	1.23374867069895	1.06278062756387	1.42802313986432	0.356291068172882	0.0608887070029812	0.210057234317311
M3	F1	86	0.639355986959979	0.639355986959979	0.939494652215578	0.734496593886101	1.19031971690184	0.174221940703616	-0.308569920702169	-0.0624131523049259
M4	F1	238	1.39439871027993e-16	4.1831961308398e-16	1.98511527505865	1.69312404097263	2.32175433095268	0.842323077055111	0.526575367432628	0.685676985530386
M5	F1	209	5.86993840060552e-21	2.26411909737642e-20	2.35431868611323	1.97759871377119	2.7966983563033	1.02843956296372	0.681883337882149	0.856251380351767
M6	F1	18	0.000705115033632281	0.00118988161925447	0.459113039070813	0.265532711193117	0.748249115795307	-0.29001931394691	-1.32601723988894	-0.778458826756252
M7	F1	16	0.00261716435583308	0.00371912829513122	2.69425403700794	1.34962705296803	5.21867862772126	1.65224423339824	0.299828297223612	0.991121370872799
M8	F1	19	0.00237857860347381	0.00356786790521072	0.496342964493394	0.291303307687719	0.800337462603096	-0.222721812004866	-1.23339026016285	-0.700488130533831
M9	F1	24	0.03797837665109	0.0488293414085443	1.6677783971371	0.995832875205473	2.7093908413903	0.996723827849602	-0.00417583145529939	0.511492439677099
N1	F1	12	0.273808296293035	0.295712959996478	1.4188148521296	0.673271848398518	2.78312918109056	1.02357589939337	-0.395606095684024	0.349821911955009
Olig1	F1	38	9.33455346265925e-11	2.10027452909833e-10	0.37821575156555	0.263781586232721	0.528023691142637	-0.638614126694158	-1.33263384313398	-0.97229047485312
Olig2	F1	24	1.35719695822755e-06	2.4429545248096e-06	0.395748922425638	0.248930565999025	0.602321321770694	-0.506964218976789	-1.39058127281325	-0.926975303091082
Tumor1	F1	1847	4.36397339646009e-126	5.89136408522112e-125	0.517204207745909	0.488635033731177	0.547239392458162	-0.602868926123512	-0.716139420454776	-0.659317496491255
Tumor2	F1	2242	3.06725718255093e-24	1.38026573214792e-23	1.3328429221566	1.2612773050839	1.40821269131939	0.342321305503267	0.232124941675445	0.28731419641114
Tumor3	F1	334	2.64085214377946e-55	2.37676692940151e-54	0.433630653361265	0.385181765863811	0.48688216333614	-0.719733149579833	-0.954039936980741	-0.835562136334108
Tumor4	F1	286	0.433861947173983	0.450548945142213	1.05372417059468	0.920705461832651	1.20280913836865	0.184659769682902	-0.0826150964449892	0.0523307181423406
Tumor5	F1	96	3.09800170165088e-38	2.09115114861434e-37	0.310127708632217	0.249058898330171	0.382347629417959	-0.961425059542616	-1.39006587100988	-1.17077110300681
B1	F2	37	0.0289910884420586	0.0670733790995389	0.689898712090094	0.480408765405723	0.963186641654495	-0.037508073237939	-0.733117942885891	-0.371210486238463
F1	F2	358	2.34681795086743e-42	3.05086333612766e-41	2.46818373346429	2.18517274470468	2.78254001971289	1.02336418671027	0.781694884783937	0.903482549570486
F2	F2	215	4.40675042715395e-55	1.14575511106003e-53	4.16146405389471	3.53563445852065	4.88205066584324	1.58556535000853	1.26289276231641	1.42586694839059
F3	F2	76	0.00552502283770668	0.0179563242225467	0.722489376996813	0.563891890785425	0.913840525157413	-0.0900992028855382	-0.572892728862178	-0.32505256222224
L1	F2	43	0.871809758588668	0.871809758588668	1.02239381982131	0.729357666258002	1.40022268885448	0.336631287439447	-0.315591041422683	0.022146759847152
L2	F2	46	0.146595765213723	0.254099326370454	1.25241754640392	0.901880611128702	1.70275865654241	0.532249674986245	-0.103273127847629	0.22507572059548
L3	F2	28	0.534811024064334	0.695254331283634	1.11527409045257	0.727737211623146	1.64756990897541	0.499301419863245	-0.317815268997032	0.10910019573674
L4	F2	3	0.74600990110386	0.871630075507559	1.14553255786869	0.224332235853692	3.66445400678534	1.29867934928449	-1.49462713020014	0.135869644915785
L5	F2	10	0.0278591243915175	0.0670733790995389	2.26625938813036	1.02794927914808	4.50027268019616	1.50413799053958	0.0275658264656337	0.818130625662066
M1	F2	72	6.47676014586873e-05	0.000336791527585174	0.628440330205814	0.487492491481968	0.799111951719663	-0.224254228237953	-0.71848039075112	-0.464514195465583
M2	F2	112	0.00145329144241441	0.00629759625046246	1.39846855781982	1.13599406704414	1.70787999933467	0.535252834897393	0.127508097612908	0.335377750618305
M3	F2	45	0.166657034361702	0.254887229023779	1.25009334633188	0.896766057647001	1.70524431257066	0.533708392300486	-0.10896025623773	0.223218225591521
M4	F2	67	0.241906372686182	0.349420316102263	1.16780733350782	0.892687756295525	1.50619797322517	0.409588577062887	-0.113518416253793	0.155127916611091
M5	F2	47	0.815949882185637	0.871630075507559	1.03326702067352	0.748641333390113	1.39636784975221	0.333874472317275	-0.289495270782635	0.0327256472220309
M6	F2	4	0.00211660211649483	0.00786166500412364	0.263279356951126	0.0709701763574399	0.68622546759955	-0.376549035286206	-2.64549554149075	-1.33453961680246
M7	F2	7	0.0366886194320231	0.0733772388640462	2.44651960599809	0.916343891498011	5.5955625072969	1.72197387420754	-0.0873635573636641	0.894666445611554
M8	F2	10	0.329140604293008	0.450402932190432	0.693239232015151	0.326391325390444	1.30715225719131	0.26785092150016	-1.11965823286776	-0.366380127221161
M9	F2	7	0.838105841834191	0.871630075507559	1.06921950145311	0.416152738403156	2.30902448913957	0.836825136266558	-0.876702926484504	0.0669289444102586
N1	F2	4	0.785994753215839	0.871630075507559	1.08608638967282	0.283517133985531	2.9814915942052	1.09242371025966	-1.26048272030186	0.0825807668496027
Olig1	F2	22	0.0141165285453825	0.0407810824644384	0.591980912081949	0.366688399865611	0.909052569637755	-0.0953523540921168	-1.00324283825956	-0.524280887722767
Olig2	F2	20	0.822705255368124	0.871630075507559	0.911227008430109	0.546933128703255	1.43819316411431	0.363387578590763	-0.603428735032951	-0.0929632267812923
Tumor1	F2	931	1.19794015173141e-12	7.78661098625417e-12	0.755251058140713	0.697448358296797	0.817372428356919	-0.201660439327492	-0.360326806311748	-0.280705057669382
Tumor2	F2	734	0.157393912687781	0.254887229023779	0.939993565606868	0.862057085088364	1.0240892794939	0.023803709822513	-0.148433786510734	-0.0618822488405915
Tumor3	F2	300	0.0309569441997872	0.0670733790995389	1.14779758474108	1.01053109271171	1.30014718446313	0.262477476876518	0.0104760270187494	0.13784496243924
Tumor4	F2	92	0.0506512969071648	0.0940666942561631	0.807365520877934	0.644541169341369	1.00092466225186	0.000924235015068804	-0.43921658068898	-0.213978775366719
Tumor5	F2	18	5.18964353810202e-28	4.49769106635508e-27	0.152814853636061	0.0902059889627123	0.242828328735226	-1.41540055141654	-2.40565945763531	-1.87852819731418
B1	F3	30	2.94429111342811e-12	1.58991720125118e-11	0.327715559685892	0.219110913224645	0.472980002522477	-0.748702169349108	-1.51817722428914	-1.11560924290964
F1	F3	191	2.27332113347617e-08	6.13796706038566e-08	0.662709593833342	0.566737498286774	0.771303246141991	-0.259673667387756	-0.56785904844075	-0.411418403105251
F2	F3	71	0.000131057862655509	0.000294880190974895	0.635031588892878	0.490140921968123	0.811650574230553	-0.208685358740099	-0.713062333371913	-0.454080535038754
F3	F3	367	8.47894225001174e-53	2.28931440750317e-51	2.84728524918843	2.50933615848441	3.22554402990208	1.17110162746344	0.920018239471565	1.04636599617767
L1	F3	45	0.00258089907803589	0.00464561834046461	0.63698647401817	0.458180117983331	0.866204239079762	-0.14363455633254	-0.780492901472644	-0.451006857515839
L2	F3	23	1.45450776882436e-08	4.36352330647309e-08	0.351302627473569	0.220301751860532	0.534163081291872	-0.627054090968048	-1.51275707304689	-1.04610724045119
L3	F3	39	0.866516995109027	0.89984457184399	0.959232312986512	0.667717338460031	1.34444902587084	0.295984282933197	-0.403890341014949	-0.04162198840243
L4	F3	1	0.117530263852699	0.176295395779048	0.214050293216629	0.00526868195376145	1.27653520582893	0.244149537286905	-5.24597505136058	-1.54154427654101
L5	F3	6	0.699735543739487	0.787202486706923	0.753099401045936	0.265402491545288	1.74191135152715	0.554982988230234	-1.3265077692408	-0.283558053193251
L6	F3	7	0.483053634932166	0.567062962746456	1.37828064248367	0.518237794459095	3.13408012322375	1.14233570940912	-0.657321079397336	0.320836811132703
M1	F3	265	4.78386345421886e-12	2.15273855439849e-11	1.65603100654935	1.4393651076447	1.89985612301722	0.641778158577354	0.364202118895084	0.504423779549464
M2	F3	191	2.2638657511114e-07	5.55676138909163e-07	1.55011359159515	1.31550938316518	1.81901347951372	0.598294309906395	0.274223954247517	0.438328213146047
M3	F3	47	0.107321762904597	0.170452211672007	0.777714429494181	0.562147574916902	1.05385550176657	0.052455345622644	-0.575990874738746	-0.251395879391154
M4	F3	70	0.0101349431486977	0.0171027165634274	0.724616393850503	0.557500626593053	0.929175775375442	-0.0734573488352764	-0.584291651714768	-0.322112876086917
M5	F3	73	0.94986901500556	0.94986901500556	1.00312229059224	0.773010992029944	1.28560932562095	0.251232789320388	-0.2574620105347	0.00311742636536185
M6	F3	40	0.000442420024622018	0.000918872358830345	1.96239182705886	1.34649929596095	2.80215158660962	1.0303875458839	0.297508110403391	0.674164049185255
M7	F3	4	0.813119429767339	0.878168984148726	0.766419953563598	0.198609490457042	2.12994648700326	0.756096855933087	-1.61641474172006	-0.266025017221294
M8	F3	18	0.36698809585629	0.450394481278175	0.779535046378273	0.450576470883667	1.27149577693513	0.240193984549414	-0.797227469649478	-0.249057631420223
M9	F3	6	0.18495193906089	0.249685117732202	0.538936560170337	0.192031474766182	1.22566132847101	0.203480558301055	-1.65009598931572	-0.618157414127615
N1	F3	3	0.271978420938713	0.349686541206917	0.474662201094938	0.0943962501020302	1.4773928098749	0.39027891935834	-2.36025393011512	-0.745151883528187
Olig1	F3	47	0.156419718040667	0.222280651952526	0.79982652477173	0.577904731724707	1.08436214251667	0.0809919270376473	-0.548346247900426	-0.223360418863615
Olig2	F3	17	0.000720543323131899	0.00138961926604009	0.45509464079371	0.26101245695455	0.743132821069659	-0.296880487024387	-1.34318714500317	-0.787249879916134
Tumor1	F3	1429	2.84543599676602e-28	2.56089239708942e-27	0.701415675784196	0.657301992034628	0.748213094812764	-0.290067455466682	-0.419611713084873	-0.354654592246936
Tumor2	F3	1409	2.39929176127862e-10	8.09760969431535e-10	1.23890875881517	1.15952595032807	1.32322637552883	0.280072978227106	0.1480112580823	0.214230958946814
Tumor3	F3	279	8.51909642541322e-17	5.75039008715393e-16	0.60387523605201	0.530579903062676	0.685173699269465	-0.378082897288903	-0.63378471386713	-0.50438766521216
Tumor4	F3	342	9.46900314562019e-34	1.27831542465873e-32	2.28122368508823	2.00805679355258	2.58646370274255	0.950291577013864	0.697167485071229	0.824712002978344
Tumor5	F3	259	5.90549958855324e-12	2.27783555558482e-11	1.66422291260227	1.44413649545707	1.91228860945001	0.64830074960302	0.36751156194314	0.509358295327324
B1	L1	35	0.414248978311965	0.486292278887959	0.854283775875479	0.588448611307152	1.20378427099329	0.185470153916655	-0.530265677577723	-0.157491850137428
F1	L1	248	7.90798687674358e-22	3.55859409453461e-21	2.08457582709559	1.80758529380939	2.39627940534898	0.873917286705231	0.591991862766961	0.734565394312069
F2	L1	42	0.169072213518233	0.217378560237729	0.799588283105056	0.570461772828841	1.09358062063356	0.089457285562437	-0.561309118360023	-0.223658329908657
F3	L1	48	0.000100783049864204	0.00022676186219446	0.582093413957991	0.425729053473909	0.778842369469137	-0.249946603433945	-0.853952159771419	-0.541124339047804
L1	L1	112	1.1414868869052e-30	1.02733819821468e-29	4.16465505408296	3.34095517744733	5.1560715547018	1.64017496292901	1.20625674737542	1.42663345204088
L2	L1	92	8.2527478804319e-23	4.45648385543323e-22	3.74117370606804	2.93940080661754	4.72144976285286	1.55211590558239	1.07820575330612	1.31939938734551
L3	L1	113	1.11331242264469e-54	3.00594354114067e-53	8.47244891173827	6.66933248983465	10.7152703298667	2.37166985771291	1.89751977843299	2.13681959458868
L4	L1	12	3.91276084872515e-07	9.60404935596174e-07	8.38241810416962	3.79587881444255	17.5756710062165	2.86651561655348	1.33391595569713	2.12613642945303
L5	L1	12	0.000314347506327342	0.000606241619345588	3.70464069958032	1.79754763870193	7.04486346506815	1.95229876476087	0.58642331301677	1.30958627687416
L6	L1	19	1.33110986453888e-12	3.99332959361665e-12	12.2411796191706	6.36244077973276	23.1803168611428	3.14330350741019	1.85041207412924	2.50480564655574
M1	L1	80	0.570869023620739	0.592825524529229	0.929389412505484	0.729665065596148	1.16955201324683	0.156620780825959	-0.315169664379017	-0.0732274541483685
M2	L1	82	0.0273095462620412	0.0433739852397124	1.29830226706514	1.02005647346005	1.63354482544023	0.490752393029425	0.0198579919008351	0.261057462562275
M3	L1	27	0.846284414115743	0.846284414115743	0.940552783344813	0.611796276969063	1.39015531114591	0.329415475538093	-0.491355932656418	-0.0612875091738556
M4	L1	97	2.06442281581702e-12	5.57394160270596e-12	2.35730170701009	1.87787855574903	2.93243917640133	1.07583456012027	0.630142711894782	0.857517620433327
M5	L1	90	5.89309724499885e-16	1.98892032018711e-15	2.87242776655361	2.26154679717592	3.61419110764945	1.28486807058641	0.816049002702394	1.05515758388103
M6	L1	7	0.275139665944833	0.337671408205023	0.614326415315507	0.243269392200665	1.2935904944808	0.257421681140588	-1.41358583981645	-0.487228871060366
M7	L1	8	0.00277460949430044	0.00468215352163199	3.77289524393762	1.50732422840405	8.31748700825745	2.11836016693241	0.410336044747521	1.32784267593668
M8	L1	13	0.529690436482481	0.5763459676356	1.20333301047887	0.627101273427798	2.11648470139295	0.749756552695194	-0.466647230773769	0.185095215376535
M9	L1	13	0.00168876682551654	0.00303978028592978	2.81990150456712	1.43245640986878	5.13223569335551	1.63554137191774	0.3593907397328	1.03670195688157
N1	L1	4	0.533653673736666	0.5763459676356	1.42285103338463	0.371363969201659	3.90665195956156	1.36268073085632	-0.990572648227749	0.352662628725995
Olig1	L1	19	0.0940942674555368	0.127027261064975	0.665651971453003	0.396397314211259	1.05397306528853	0.0525668950379277	-0.925338252000168	-0.406988310412505
Olig2	L1	9	0.0438699380702502	0.0623414909419344	0.514418515691683	0.232508398979591	0.992353645747483	-0.00767573749816378	-1.4588289299638	-0.664718111971524
Tumor1	L1	595	3.17341132668555e-33	4.2841052910255e-32	0.575064566142027	0.522644178196939	0.632039863977524	-0.458802810910677	-0.648854394074474	-0.553272955546063
Tumor2	L1	642	0.0302069002182189	0.0453103503273284	1.10845814752639	1.00921564651103	1.2162602289732	0.195780764738173	0.00917344153995461	0.102969993408717
Tumor3	L1	85	2.73256650534839e-24	1.84448239111017e-23	0.373976734012446	0.296819112525522	0.465725201442023	-0.764159515272189	-1.21463237446058	-0.983561692025507
Tumor4	L1	54	0.000122447999359252	0.000254315075592292	0.599645718965887	0.446847811915353	0.789566955859135	-0.236270640954456	-0.805537207853861	-0.511416266551292
Tumor5	L1	14	1.09564184741954e-21	4.22604712576107e-21	0.155291074569564	0.0845717053440015	0.261920653587618	-1.33971366999125	-2.47015552051013	-1.86245402266477
B1	L2	65	3.03337764884382e-07	8.76309098554881e-07	2.10841419954137	1.60096805740994	2.73703122139518	1.00687383715285	0.470608482166534	0.745936100723615
F1	L2	194	1.89996175295156e-15	8.23316759612341e-15	1.96654035702983	1.67662609644579	2.29680250821061	0.831517941869839	0.516783498199965	0.676275834941964
F2	L2	50	0.20115771562133	0.249052409816884	1.20579283415653	0.884551434559366	1.61115598985845	0.476951927476555	-0.122674616073152	0.18713730424288
F3	L2	27	8.53280704304202e-08	2.77316228898866e-07	0.39857794373039	0.260985449730239	0.584382219373792	-0.537200025006867	-1.34329062137343	-0.919852207078674
L1	L2	98	3.65452579429489e-29	4.75088353258336e-28	4.410635907816	3.49340019642373	5.52424821683652	1.70914716879469	1.25087553023925	1.48401887584707
L2	L2	90	6.8232081522843e-28	5.91344706531306e-27	4.56722508867934	3.5770395334705	5.77941643892556	1.75430271546366	1.27453551234622	1.51890581888267
L3	L2	60	9.20470366751473e-19	5.98305738388457e-18	4.44262458591208	3.29045237880535	5.91605477139185	1.77766980298552	1.19102505648151	1.49124532475295
L4	L2	7	0.00116941188073579	0.00217176492136646	4.99044578011977	1.83803476617696	11.7143754513773	2.46081675866303	0.608696938976021	1.60752524046666
L5	L2	10	0.00087399149112198	0.00174798298224396	3.69968992039309	1.67738065484038	7.35180694787379	1.99494612625838	0.517233442677286	1.30824901083915
L6	L2	11	5.17618440615061e-06	1.34580794559916e-05	6.66488846285169	3.03494900815534	13.5471103579521	2.60617326686734	1.11019462310354	1.89685321873471
M1	L2	56	0.0916309024956934	0.132355748049335	0.791984332982676	0.592958250233791	1.03893175385899	0.0381930255122169	-0.522631286790416	-0.2332136689509
M2	L2	47	0.47398579900619	0.513484615590039	0.886135878008324	0.644826006432407	1.19158756402024	0.175286505431469	-0.438774756046592	-0.12088497895247
M3	L2	21	0.747984300193683	0.747984300193683	0.89816492008535	0.549439571378651	1.39308532804687	0.331520947800969	-0.598856481379164	-0.107401574885731
M4	L2	55	0.00358810968261855	0.00583067823425514	1.54590308240792	1.14885647354113	2.04375061271819	0.714786655464331	0.138767076826698	0.435608258942689
M5	L2	33	0.440924803370085	0.498436734244444	1.15516091130898	0.785246241385649	1.64653440321184	0.498672717369613	-0.241757927094226	0.144239651420656
M7	L2	9	0.000136681838059309	0.00032306616268564	5.44885148123297	2.29004642509949	11.6585512812063	2.45603992630823	0.828572090329866	1.69540484907846
M8	L2	13	0.164960670847193	0.214448872101351	1.49923521243704	0.781100837756434	2.63817580420161	0.970087695062301	-0.247051023832298	0.404955119710882
M9	L2	8	0.0704787562625784	0.107791038989826	2.0201202763756	0.841763196224329	4.18574793342191	1.43168540563688	-0.172256543933658	0.703157052400712
N1	L2	1	0.731088174372941	0.747984300193683	0.414529235690135	0.0102813181017418	2.42507124501465	0.885860903345367	-4.57742680716081	-0.88061177446915
Olig1	L2	17	0.277537440682775	0.327998793534189	0.738527914634078	0.42558569639957	1.19864698630662	0.181193409263612	-0.854288949603184	-0.303096378626794
Olig2	L2	19	0.163138753521239	0.214448872101351	1.41001941595194	0.83403140992157	2.25133988667287	0.811525544161418	-0.181484215556115	0.343603474473951
Tumor1	L2	772	0.00148644723540414	0.00257650854136717	1.16008847415392	1.05766324010269	1.27178530828653	0.240421667878903	0.0560619841886728	0.148496273032148
Tumor2	L2	281	2.73930289003234e-30	7.1221875140841e-29	0.50026235377344	0.43875371971633	0.568803405251565	-0.564220413781834	-0.823817026252063	-0.692622610623935
Tumor3	L2	92	1.19668102199979e-11	4.44481522457066e-11	0.511144410055952	0.408952562170048	0.632115885908932	-0.458682537864408	-0.894156114580414	-0.671103125853874
Tumor4	L2	44	0.0006151545944388	0.0013328349546174	0.603850093848487	0.435380403791383	0.818009856135361	-0.200880893386746	-0.831535138563907	-0.504429300843878
Tumor5	L2	11	4.42300406086392e-18	2.29996211164924e-17	0.151534148907373	0.0753588021372482	0.272556235456891	-1.29991031752078	-2.58549454404673	-1.88694427410348
B1	L3	16	0.0288839855604134	0.0401166466116852	0.577705000278326	0.327513009198027	0.947934198261423	-0.0534701902528205	-1.11622750195369	-0.548691920739341
F1	L3	176	2.81738482722947e-18	1.17391034467894e-17	2.19669587334763	1.85728548733743	2.58580441236292	0.950036644218994	0.619116006331189	0.786954355667309
F2	L3	26	0.159438624666384	0.1898078865076	0.741808572604396	0.480328672802312	1.09860588278863	0.0940419967169159	-0.733284674399436	-0.298664057503268
F3	L3	41	0.0877716604366786	0.115489026890367	0.760572745485738	0.541139663775062	1.04217012870278	0.0413052013117153	-0.614077874903742	-0.273683517043825
L1	L3	106	4.10614538196608e-42	5.1326817274576e-41	6.06145103083414	4.83002908697412	7.55324985113267	2.02197791450518	1.5748524897942	1.80194921545111
L2	L3	60	1.52016346086529e-14	4.22267628018137e-14	3.45230256332014	2.57881075081494	4.55288460051291	1.51576101021832	0.947328343367205	1.2390414180825
L3	L3	77	8.3549497060332e-37	6.962458088361e-36	7.59824305114892	5.78311788855125	9.88506566629509	2.2910250996248	1.75494296433079	2.02791704308625
L4	L3	7	0.000363711162887796	0.000649484219442493	6.13579685050945	2.25958017029198	14.3984686659152	2.6671218582824	0.815179030670144	1.81413995571203
L5	L3	10	0.000185968820186132	0.000387435042054442	4.55097751317229	2.06260259622818	9.04638659699083	2.20236540693119	0.723968581615309	1.51534204794831
L6	L3	12	8.48632242528172e-08	2.12158060632043e-07	9.23099200428386	4.32169113598274	18.448478310399	2.91498189068403	1.46364679231561	2.22256651882671
M1	L3	38	0.00727325911531028	0.0113644673676723	0.648772896265943	0.455496225551431	0.89880673852574	-0.106687241451916	-0.786367848701899	-0.432672552229338
M2	L3	103	5.41909173794808e-16	1.69346616810878e-15	2.62498736475758	2.10895077164529	3.23907024713654	1.17528632786279	0.746190559187834	0.965076082606321
M3	L3	17	0.724574858434475	0.724574858434475	0.885672896122717	0.510300280743921	1.43785216568445	0.363150448509455	-0.672755940757706	-0.121407588280185
M4	L3	88	4.18870459287714e-19	2.09435229643857e-18	3.27315475794295	2.57680692984031	4.11663362088092	1.41503574705728	0.946551008351444	1.18575427761019
M5	L3	72	7.11118065482235e-17	2.53970737672227e-16	3.41857611399395	2.6216999779036	4.40359160770893	1.48242048243269	0.963822953891199	1.22922412344312
M6	L3	1	0.00780271164766129	0.0114745759524431	0.129660655724996	0.00326646672543858	0.73211790940009	-0.311813699577137	-5.72404639034531	-2.04283458198295
M7	L3	11	4.61396016751861e-07	1.04862731079968e-06	8.7301861781832	3.9518354009903	17.883309113334	2.88386782607408	1.37418012947127	2.16678669587648
M8	L3	5	0.566808928115446	0.61609666099505	0.674892917271834	0.216236915992895	1.60733763806088	0.47457916926701	-1.53138063907969	-0.393201241773199
M9	L3	6	0.157790963753584	0.1898078865076	1.81501427786852	0.646157130397892	4.13288333479628	1.41897530740224	-0.436712568866543	0.596093334280099
N1	L3	2	0.718712314221187	0.724574858434475	1.04114161623393	0.122389770669127	3.98183853177415	1.38174365529051	-2.10054448536097	0.040317819029718
Olig1	L3	15	0.474739813854453	0.539477061198243	0.797755267480697	0.441833070874024	1.3335889078965	0.287873735005717	-0.816823135944675	-0.225953410923995
Tumor1	L3	246	7.97427787954112e-77	1.99356946988528e-75	0.317689607663381	0.276017512914335	0.364424045778773	-1.00943712845514	-1.28729096268985	-1.14668044940511
Tumor2	L3	463	0.000209444496925677	0.000402777878703226	1.23336616151836	1.10356864401627	1.37658160825769	0.319603330626779	0.0985491505038106	0.209747148075148
Tumor3	L3	38	7.59457986698062e-26	4.74661241686289e-25	0.249551969949554	0.175656541254437	0.344734236592131	-1.06498148752486	-1.73922466068795	-1.38808808909025
Tumor4	L3	81	0.00262193621523712	0.00436989369206186	1.44243120887481	1.1322209873419	1.81621972186825	0.596757265078334	0.124181179228251	0.366330029441348
B1	L4	3	0.749321883987843	0.881555157632756	1.14318094507602	0.232756650396458	3.41450399236624	1.22803223865723	-1.45776179010123	0.13381467943654
F1	L4	10	0.596602793255741	0.852289704651059	1.17373574759274	0.551246090421937	2.22042225014341	0.797697380565236	-0.595573944451334	0.160191608840621
F2	L4	4	0.581672019438118	0.852289704651059	1.19703384877881	0.321579465751525	3.13484200534846	1.14257877579688	-1.13451059399095	0.179846704186721
F3	L4	1	0.0684789506170091	0.195654144620026	0.188463419032594	0.00474366396645041	1.06657901662684	0.0644563458489351	-5.35094545317443	-1.66885135441439
L1	L4	13	2.65687527019849e-07	5.31375054039698e-06	6.67371854592342	3.45260524738842	11.8457718329543	2.47197099656462	1.23912909023592	1.89817720771734
L2	L4	5	0.0423395018281543	0.169358007312617	2.70692922007474	0.863444503287862	6.49216541836234	1.87059612966697	-0.146825652959488	0.995814863291707
L3	L4	6	0.00189725275245652	0.0189725275245652	4.89583889430346	1.75784632799625	11.0022726540535	2.39810185637247	0.564089382470833	1.58838563909335
L5	L4	2	0.0250427103168575	0.125213551584288	8.50202598340072	0.999070915751621	32.5132836563425	3.48164873371666	-0.000929516114663019	2.14030448608351
L6	L4	2	0.0123486832419463	0.0823245549463089	12.5547361858956	1.46041883160832	48.9964750292464	3.89174835734431	0.378723265545242	2.53009797971619
M1	L4	4	0.665774565416098	0.881555157632756	0.71262386240363	0.191609696775647	1.8638096556499	0.622622594981546	-1.65229480524976	-0.338801539978088
M2	L4	7	0.204632236116959	0.45473830248213	1.69969192564874	0.670919052166084	3.59567257944965	1.27973106114294	-0.399106786894188	0.530447014433182
M3	L4	3	0.438272208197213	0.730453680328689	1.63130532385852	0.331833987057553	4.88048063920564	1.58524370665557	-1.10312047411011	0.48938050652282
M4	L4	2	1	1	0.675336080527372	0.0809604936526255	2.48692289529744	0.911046161243534	-2.51379397597361	-0.392544814941642
M5	L4	4	0.297936973248096	0.541703587723812	1.75987380095182	0.472314784885897	4.6167767833704	1.52969679567437	-0.750109598555848	0.565242102474558
M8	L4	2	0.159018064657121	0.397545161642802	2.8570648195647	0.340601808135224	10.6324513326268	2.3639107709075	-1.07704120209112	1.04979481097331
Olig1	L4	1	1	1	0.548720487657092	0.0137839548216192	3.11485491706505	1.1361825755737	-4.2842500573577	-0.60016609707392
Tumor1	L4	54	0.743415271890719	0.881555157632756	0.940127963630055	0.666361397204178	1.31224919709199	0.271742609294108	-0.405923117172038	-0.0617392814618072
Tumor2	L4	32	0.233231403561938	0.466462807123876	0.784301182333915	0.515666931967502	1.16097891242342	0.14926353926348	-0.662294202596054	-0.24296217126253
Tumor3	L4	7	0.0642899409215726	0.195654144620026	0.497030537628798	0.196500343605012	1.04907041956948	0.0479044573511876	-1.62709109904833	-0.699103810851985
Tumor4	L4	5	1	1	0.883662723586891	0.282678551435611	2.10968099313489	0.746536747970173	-1.26344488756907	-0.123679823551232
B1	L5	11	0.0229959407630894	0.0788432254734493	2.13869703228654	1.05199871785419	3.90236562387578	1.3615829394708	0.0506918955449931	0.760196780183651
F1	L5	26	0.0347266538232612	0.0926044101953633	1.55591364134887	0.998103809673045	2.33037180279581	0.846027826862717	-0.00189799037167741	0.442062923797532
F2	L5	8	0.555955163878113	0.667146196653736	1.19424739557833	0.509633290642478	2.39172987480744	0.872016901119263	-0.674063849851468	0.177516192484489
F3	L5	10	1	1	0.965534578850893	0.45756533628058	1.80420070023548	0.590117668354437	-0.781835592920907	-0.0350733633054933
L1	L5	10	0.0114458723354627	0.0549401872102209	2.40967517059757	1.13826755742828	4.52283758882769	1.50913958200835	0.129507420045289	0.879491954433974
L2	L5	9	0.0150382225371638	0.0601528901486551	2.43209200207569	1.0955312705591	4.71238638435714	1.55019444306326	0.0912394242001715	0.888751793189251
L3	L5	11	6.36890290379123e-05	0.00152853669690989	4.51268657859844	2.20822724844852	8.28876155722422	2.11490056802652	0.792190043611887	1.50689266986206
L4	L5	2	0.0294888650373248	0.0884665951119745	7.88969292322336	0.913594256049324	31.0645591547651	3.43606759235638	-0.0903687272615786	2.06555721435684
L5	L5	1	0.38896007958155	0.529784785057873	2.05897581251195	0.0511743124571093	11.9782086500466	2.48308905313008	-2.97251758265724	0.722208680775073
L6	L5	2	0.0448335025302322	0.107600406072557	6.19780337729852	0.723856448021856	23.9906812833847	3.17766547508883	-0.323162182468654	1.82419493528999
M1	L5	7	0.280972785490896	0.518718988598578	0.618594856506488	0.246310404377306	1.29232532330954	0.256443171891754	-1.40116273204664	-0.480304733498215
M2	L5	12	0.215953012175171	0.431906024350342	1.44440264783564	0.736296493426664	2.56866264055096	0.943385390139466	-0.306122397043546	0.367695843592874
M3	L5	3	1	1	0.802704999336888	0.164103792619569	2.3803937769807	0.867265926510527	-1.80725616951654	-0.219768005712901
M4	L5	8	0.397338588793405	0.529784785057873	1.36855400361611	0.583751858023658	2.74255399415699	1.00888960090671	-0.538279287094189	0.313754710624353
M5	L5	8	0.14815359536616	0.323244208071621	1.75954392208481	0.749805713606009	3.53062648404641	1.26147532943263	-0.287941154535967	0.565054640289655
M7	L5	3	0.00410195959321233	0.0328156767456986	10.0418023252044	1.97557844578379	31.8336490854651	3.46052387768452	0.680861239412118	2.30675661261538
M8	L5	1	1	1	0.699211761130742	0.0175564784514862	3.97150160571077	1.37914426139936	-4.04233225465178	-0.357801633943118
M9	L5	1	0.488186851493208	0.616657075570368	1.50749668920943	0.0376235185313358	8.68183288860077	2.16123266866184	-3.28012593127073	0.410450453404142
N1	L5	1	0.314136396736601	0.528796609597047	2.70322980411335	0.0668671011903554	15.9074798918772	2.76678943205846	-2.70504819378328	0.994447281850411
Tumor1	L5	105	0.384307487748919	0.529784785057873	0.897601548716036	0.705031371770902	1.13653798358872	0.127986785299462	-0.349512978194099	-0.10802901881854
Tumor2	L5	70	0.330497880998154	0.528796609597047	0.873897212082592	0.661040381942061	1.14235946082801	0.13309582600366	-0.413940348799739	-0.13479251655559
Tumor3	L5	14	0.00631949223166635	0.0379169533899981	0.494467739469984	0.26699504413567	0.843046100593528	-0.170733636124959	-1.32052518204378	-0.704273368733079
Tumor4	L5	10	0.878670515209782	1	0.880526826738994	0.417370011567335	1.64499102630112	0.49773492906636	-0.873782132709875	-0.127234883890477
Tumor5	L5	2	0.00268784121046084	0.0322540945255301	0.178407757680762	0.0214983146263441	0.650816680428108	-0.429527273314042	-3.8397807363935	-1.72368357502403
B1	L6	9	0.0443329310414636	0.128186044646205	2.11997909644651	0.954738970817715	4.10893597910425	1.4131641091287	-0.0463173048492679	0.751406228468569
F1	L6	17	0.412327379554404	0.583265535883818	1.21032848718409	0.693024101838042	1.98051980516522	0.683359338113258	-0.366690501409935	0.190891799777075
F3	L6	9	0.860307203304851	0.860307203304851	1.05844622521814	0.477648963172481	2.04574571279961	0.715762374761227	-0.738879202953118	0.0568020074852123
L1	L6	25	2.85284695135495e-14	5.70569390270989e-13	8.03372377586081	5.05508047789876	12.2660808406685	2.50683779781215	1.62039377280046	2.08364815345167
L2	L6	16	1.38777365592996e-07	1.38777365592996e-06	5.50880366085288	3.07734187848316	9.20757292397285	2.22002628936794	1.12406619789723	1.70634747814824
L3	L6	12	1.77391418194277e-06	1.18260945462851e-05	6.06806742363435	3.06403705780448	10.9252440891079	2.39107608298451	1.11973334638891	1.80304017276838
L4	L6	1	0.198858769246944	0.361561398630808	4.64279123081417	0.113829627768503	27.8894216626311	3.32824746505405	-2.17305244171534	1.53531574373958
L5	L6	2	0.0619942669522167	0.154985667380542	5.10786769591806	0.60210867445033	19.4160175079115	2.96609837014987	-0.507317327622772	1.63078203648756
L6	L6	5	8.58137837618896e-06	4.29068918809448e-05	20.5338652465235	6.26607744176188	52.6816415780603	3.96426703770431	1.83515055149638	3.02207548639899
M1	L6	2	0.0102347694632128	0.040939077852851	0.211117387120955	0.0254128036850128	0.771362020452758	-0.259597468989998	-3.67250214987722	-1.55534096313803
M2	L6	4	0.33438551802285	0.542019787716981	0.568273709389408	0.153447494983397	1.47599900245273	0.389335050333019	-1.87439682269352	-0.56515209360135
M3	L6	2	0.774206281958283	0.814953981008719	0.647950985283633	0.0778521499274552	2.37576492287775	0.865319458422928	-2.55294376480272	-0.433940225485105
M4	L6	6	0.493032368232769	0.616290460290961	1.24152666444703	0.450165342091709	2.75046789616555	1.01177104126582	-0.79814033683203	0.216341803340787
M5	L6	5	0.437449151912863	0.583265535883818	1.3220456201638	0.42426971578032	3.14064526224531	1.14442827633879	-0.857385903866699	0.279180249278718
M8	L6	3	0.114006354953527	0.228012709907054	2.59791779944069	0.527597042930321	7.79263014188752	2.05317843343584	-0.639422462911468	0.954710277809705
Olig1	L6	2	0.774017732447316	0.814953981008719	0.664609660003709	0.0798480711785407	2.4372417967896	0.890866988756723	-2.52762956017278	-0.408555388103014
Tumor1	L6	79	0.0740079173253503	0.164462038500779	0.78793839612387	0.598608687621818	1.02886279574971	0.0284541104978423	-0.513147170434945	-0.238335369688058
Tumor2	L6	57	0.352312862016038	0.542019787716981	0.861148757273289	0.631223176494456	1.15836305476439	0.147007848808865	-0.460095791977457	-0.149488016802754
Tumor3	L6	13	0.0448651156261718	0.128186044646205	0.561061868222162	0.294482208521032	0.977576217228382	-0.0226790185731054	-1.22253669020765	-0.577924097504118
Tumor4	L6	7	0.613340483022089	0.721577038849517	0.744155178825902	0.295801731456123	1.55847090676115	0.443705152589447	-1.21806587525359	-0.295505692206785
B1	M1	39	6.47552539479936e-08	2.38128173906552e-07	0.44749365133717	0.31484905528145	0.619408774183221	-0.478989845926284	-1.15566194458722	-0.804092928323908
F1	M1	277	0.381975781492214	0.454695961731905	1.05905378118048	0.927247645597788	1.2060334081461	0.187336799534992	-0.0755346017391031	0.0573758502027352
F2	M1	72	0.00068636531996702	0.0015443219699258	0.666988757270999	0.51570915210467	0.85124701900347	-0.161052923429428	-0.662212331127745	-0.40498208887424
F3	M1	245	2.53170904487989e-12	1.36712288423514e-11	1.702696201494	1.47174948049365	1.96377621804502	0.674869261508126	0.386451815940715	0.532212995569826
L1	M1	80	0.0545334596284947	0.0875692046955631	1.26674249182426	0.985028937109176	1.61135261537717	0.477073960056167	-0.0150842604657536	0.236448638239094
L2	M1	48	0.160758715617887	0.220755790577211	0.804777394574899	0.58381601782203	1.08717341431516	0.0835811302033095	-0.538169383764774	-0.21718956828301
L3	M1	42	0.609599300089758	0.685799212600978	1.07980385487294	0.761055734859169	1.49800493336049	0.404134178387662	-0.273048684828353	0.076779408783582
L4	M1	4	1	1	0.971355612961986	0.249009108975644	2.74897710616102	1.01122888108769	-1.39026580095504	-0.0290626439975599
L5	M1	4	0.240473437646825	0.309180134117347	0.501496580441283	0.132296545575041	1.35302346209443	0.302341689832413	-2.02270931874602	-0.690158490264843
L6	M1	2	0.163522807834971	0.220755790577211	0.358240069940969	0.041998152138962	1.37784399261628	0.320519953276942	-3.17012965835803	-1.02655193089676
M1	M1	341	3.92096137393759e-37	5.29329785481574e-36	2.39946910901617	2.11116687363739	2.72195386994698	1.00134995696847	0.747240815309618	0.875247508307962
M2	M1	198	7.37082626289569e-10	3.31687181830306e-09	1.67871123085598	1.4279121794962	1.96588752414699	0.675943809583301	0.356213363074013	0.51802637453412
M3	M1	71	0.0551361659194286	0.0875692046955631	1.29198769770991	0.98821867229088	1.66843696305637	0.511887237888075	-0.0118512774941131	0.256181883418721
M4	M1	130	2.08239037653754e-05	5.62245401665135e-05	1.54290388205738	1.26483570384502	1.87044246918114	0.626175017413058	0.234942235361172	0.433666278542088
M5	M1	116	7.05564959723116e-08	2.38128173906552e-07	1.81148926987403	1.46326462982232	2.2275370989158	0.800896535180723	0.380669987309256	0.594149307997904
M6	M1	41	9.29871660859283e-05	0.000228241225847279	2.0942260790186	1.44235151027148	2.98178852355487	1.09252329617347	0.366274774948299	0.739184071767904
M7	M1	8	0.147023449771018	0.220535174656527	1.77251076806923	0.708462547858076	3.90355839995768	1.36188854738795	-0.344658082422808	0.572397054480012
M8	M1	12	0.0220481101984752	0.0396865983572554	0.518063695525023	0.262403663599968	0.929145326436307	-0.0734901192096841	-1.33787126011955	-0.657657079948128
M9	M1	10	1	1	0.977642345640502	0.450656054148895	1.89815575645077	0.640882760282659	-0.797050859810787	-0.0226113755858693
N1	M1	14	0.001129619724198	0.0023461332733343	3.01668686628744	1.49830706225882	5.75443797985886	1.74997137969153	0.404335845570381	1.10415916502819
Olig1	M1	73	0.0146040268870123	0.0281649089963808	1.37580302667253	1.05517275550945	1.77267391325956	0.572489092105752	0.0537045028206293	0.319037580043776
Olig2	M1	34	0.926887396870538	1	1.00776134430338	0.682004978814174	1.44721797867212	0.369643078095385	-0.382718320851284	0.00773138001293473
Tumor1	M1	1269	3.2129479944711e-49	8.67495958507196e-48	0.614009054318178	0.573886744696207	0.656643926669246	-0.420613375955522	-0.555323211022156	-0.487745604497178
Tumor2	M1	1400	2.93146277384257e-13	1.97873737234373e-12	1.28303075217812	1.20029257712258	1.37096608824866	0.315515665225875	0.1825653413449	0.249225054308148
Tumor3	M1	214	4.83533647044733e-32	4.3518028234026e-31	0.463298587664849	0.40032439222019	0.533911169075226	-0.627525803906038	-0.915480079990724	-0.769383534988854
Tumor4	M1	162	0.387333597030882	0.454695961731905	0.92650637720057	0.779970843617372	1.09463866182398	0.090424319608199	-0.248498739974877	-0.0763343501713227
Tumor5	M1	221	8.1846178523985e-06	2.45538535571955e-05	1.41111264914851	1.21312181321439	1.63551876206857	0.491960039693614	0.193197048014981	0.344378506075498
B1	M2	12	6.94452791946073e-18	2.08335837583822e-17	0.159674981833143	0.0820019696823243	0.281104384200375	-1.2690292046051	-2.50101201149022	-1.83461489330845
F1	M2	274	0.000243916139174171	0.000470409696978759	1.28416514278354	1.12295184974581	1.46417278583286	0.381290431684815	0.115960798386336	0.250108812872486
F2	M2	111	0.00713782490813267	0.0120450795324739	1.32949524787837	1.07682682473301	1.62858536462678	0.487711763535494	0.0740185911257236	0.284799357327022
F3	M2	179	4.33831140728785e-05	9.01033907667476e-05	1.414341427929	1.19774486681154	1.66237859696585	0.508249466500016	0.180440511079187	0.34666400079448
L1	M2	77	0.00257863532642937	0.00464154358757287	1.47467300205543	1.14145598414755	1.88356810788963	0.633167907777387	0.132304626583783	0.3884362716924
L2	M2	35	0.0337933869625143	0.0506900804437715	0.691433909096109	0.47496921228202	0.977395802037485	-0.0228635891855033	-0.744505293296538	-0.368987708589471
L3	M2	105	9.13136008224425e-28	3.08183402775743e-27	4.25189655688328	3.33491404393662	5.39127624024822	1.68478213615995	1.20444690510339	1.44736513207542
L4	M2	6	0.151665670536691	0.209230900597883	1.89215324488163	0.641953692842844	4.64223489150567	1.53519590793044	-0.443239107421916	0.637715463587315
L5	M2	8	0.407005914832753	0.457881654186847	1.30628311773365	0.537383284113179	2.75733269009884	1.01426379581657	-0.621043688395836	0.26718578969851
L6	M2	3	0.798108051352684	0.816354903377695	0.668568577653975	0.132382756829145	2.09701173228409	0.740513346698642	-2.02205787939002	-0.402616303327621
M1	M2	195	9.12759605646054e-06	2.05370911270362e-05	1.43532652935339	1.22378543937863	1.67633760546078	0.516611417013666	0.20194887409893	0.361392369914512
M2	M2	334	2.04762401895181e-82	2.76429242558495e-81	4.23603206346946	3.69845301368434	4.842994630712	1.57753325475064	1.30791462781052	1.44362699699037
M3	M2	84	3.53569351289847e-07	9.54637248482586e-07	1.92797839844652	1.50212683368679	2.45014284481615	0.896146326863617	0.406881992977077	0.65647199200034
M4	M2	189	1.05546263835592e-32	4.07107017651571e-32	3.06340391443705	2.57780859347718	3.62811306976126	1.28871269763308	0.946939655630739	1.11952668805551
M5	M2	198	7.39974468923061e-55	4.99482766523066e-54	4.63523674906636	3.87872197544151	5.52571348411319	1.70941237646235	1.35550571160231	1.53368727626057
M6	M2	24	0.179755898510044	0.231114726655771	1.33129528192733	0.828364691444427	2.0533831009246	0.719488726046877	-0.188301772961511	0.286152364490414
M7	M2	6	0.30117596141299	0.353554389484814	1.52404665236371	0.524580262956137	3.65474776352532	1.29602707947297	-0.645156835291561	0.421369068583135
M8	M2	2	1.59551296385319e-06	3.9162590930942e-06	0.0989329425227504	0.0118705298796085	0.362709259908547	-1.01415370252966	-4.4336964311203	-2.31331300660656
M9	M2	12	0.207915418292061	0.255168922449347	1.4636781156993	0.72354390393298	2.71290559231422	0.998020234808964	-0.323594052052368	0.380952525039358
N1	M2	5	0.812513033840353	0.816354903377695	1.03869801908555	0.321266019494617	2.61436813454495	0.961022437170218	-1.13548577788488	0.0379680241404882
Olig1	M2	48	0.816354903377695	0.816354903377695	1.03020869296943	0.74662653424342	1.39327415329342	0.331656483253663	-0.292190173026813	0.0297613962514216
Olig2	M2	16	0.0127093998223886	0.0201855173649702	0.535935668308029	0.301716310647064	0.887370926960897	-0.119492202619432	-1.19826807180889	-0.623741146927908
Tumor1	M2	595	5.47300153753768e-213	1.47771041513517e-211	0.286170932252686	0.261393043896738	0.312902624078702	-1.1618632420251	-1.34173008909966	-1.25116598147383
Tumor2	M2	1495	1.04553661111521e-72	9.40982950003692e-72	1.88852274633276	1.7646363417137	2.02043194517949	0.7033113228011	0.567944630467252	0.63579490775379
Tumor3	M2	149	2.20273291082817e-38	9.91229809872676e-38	0.3813073859921	0.320385507643362	0.450889474764009	-0.796533036555403	-1.13823029688534	-0.964149441752594
Tumor4	M2	129	0.154985852294728	0.209230900597883	0.872135635673803	0.720250832147794	1.04867785851364	0.0475301883652237	-0.328155749658509	-0.136810321671624
Tumor5	M2	21	9.59200343525882e-39	5.17968185503976e-38	0.133474077148095	0.0822778926655755	0.205132368834317	-1.58409980658852	-2.49765282627092	-2.01384799866291
B1	M3	48	0.00603089613225552	0.0180926883967666	1.54528311905783	1.12368040625879	2.08180350772589	0.733234589046362	0.116609374971647	0.435207142142857
F1	M3	113	0.411196436369551	0.653076693057522	1.08585977628745	0.885749060716397	1.32033023134013	0.277881880567345	-0.121321595675846	0.0823720937344561
F2	M3	44	0.627114260823297	0.846604252111451	1.08009038761624	0.776213629280889	1.46862165028414	0.384324308051278	-0.253327501220698	0.0770447298713904
F3	M3	53	0.212449296727099	0.358508188226979	0.831890630588401	0.61747513166156	1.09955522848342	0.0949057602954357	-0.482116483903827	-0.184054300421424
L1	M3	33	0.15588291453126	0.30063133516743	1.29356576164043	0.878538733817501	1.84577142199708	0.612897305010379	-0.129495281470384	0.257402561429278
L2	M3	23	1	1	0.995066357217413	0.623115182190654	1.51557232828348	0.415793142067077	-0.473023894152397	-0.00494585337650115
L3	M3	22	0.115893249937733	0.242574659126868	1.44318112478591	0.889399921262596	2.2306789682131	0.802306009181147	-0.11720828943422	0.366849791516963
L4	M3	2	0.677929956720663	0.866409937443177	1.24052452631024	0.144140843582509	4.8556112381429	1.58013499250932	-1.93696437698106	0.215534295264415
L5	M3	4	0.543100068991003	0.771773782250373	1.36501867389787	0.359899486876073	3.68565772298109	1.3044489962765	-1.02193048963845	0.311168109054609
L6	M3	2	1	1	0.974494478438804	0.114193134026161	3.7507500555388	1.32195583479237	-2.16986410593051	-0.0258364260959258
M1	M3	85	0.0313964012897218	0.0847702834822489	1.28242331905351	1.01294622412988	1.60556363432451	0.473474868968775	0.0128631381021422	0.248751506063594
M2	M3	106	2.30771626389564e-12	3.11541695625911e-11	2.24721947566373	1.81227446668679	2.76313197113085	1.01636480851067	0.59458266783156	0.809693663406034
M3	M3	44	3.04065482895248e-05	0.00011728240054531	2.06008193865403	1.47061762767041	2.82260208288214	1.03765918392782	0.385682467428132	0.722745758056087
M4	M3	72	3.214811146449e-08	2.8933300318041e-07	2.15163385681441	1.65701615569306	2.75829327536756	1.01461210996421	0.505018488362534	0.766227486938436
M5	M3	56	1.24841103121063e-06	5.61784964044786e-06	2.12610751453508	1.57915184760963	2.8141178558244	1.03464883977125	0.456887897596964	0.754292849918157
M6	M3	4	0.11679520624627	0.242574659126868	0.441393177808518	0.118887964603492	1.15111534674615	0.140731339094074	-2.12957370325578	-0.817819241082028
M7	M3	2	1	1	1.0232726350401	0.119713274516018	3.95080332977839	1.37391893286265	-2.12265577435461	0.0230059568787761
M8	M3	8	1	1	0.919455462879042	0.390324667465317	1.85490660115374	0.617834345009456	-0.940776405497998	-0.0839736723489606
M9	M3	11	0.00235918326187748	0.00796224350883649	2.97253768730712	1.42173079381838	5.63556495773372	1.72909740115894	0.351874998281722	1.08941602815915
N1	M3	3	0.497623004722247	0.74643450708337	1.33514912489389	0.265394729792811	4.15891704031348	1.42525471353453	-1.32653701488176	0.28904298965415
Olig1	M3	20	0.742358366776479	0.871464169694128	0.900561877006428	0.543603600691068	1.4113527904287	0.344548670271237	-0.609534972939249	-0.104736402671939
Olig2	M3	18	0.204430212540063	0.358508188226979	1.36755036511542	0.796607181561303	2.20879597284992	0.792447558402299	-0.227393593008719	0.313021084701913
Tumor1	M3	582	4.51350624163671e-07	2.43729337048383e-06	0.778337652881554	0.704264876687477	0.859369332515229	-0.151556493040317	-0.350600748291895	-0.250594847821894
Tumor2	M3	509	0.0528844834020762	0.129807368350551	1.10860935263542	0.998233503069621	1.22964768160449	0.206727690633276	-0.00176805902597719	0.103106394406206
Tumor3	M3	80	1.70750781832223e-14	4.61027110947001e-13	0.452931015076281	0.356570999947129	0.568215858500642	-0.565253899883521	-1.03122190062021	-0.792015449695402
Tumor4	M3	65	0.705963652731477	0.866409937443177	0.941552440769075	0.719692656289368	1.21317846476935	0.193243745907639	-0.328931024370143	-0.060225233265519
Tumor5	M3	28	8.30751734759807e-08	5.6075742096287e-07	0.40496067049946	0.267350037079062	0.589793231553601	-0.527983258499971	-1.31919647889632	-0.903965326468943
B1	M4	89	1.03046272832223e-05	2.31854113872503e-05	1.71543813568785	1.35352280771703	2.15271000240354	0.766727514653116	0.302710680847886	0.539668520694597
F1	M4	264	4.53368038293218e-10	1.36010411487966e-09	1.56174260785476	1.36163253543002	1.78588427420489	0.579913684277062	0.308684373550034	0.445802254135431
F2	M4	61	0.258842951427372	0.317670894933593	0.850711885689264	0.643291392532935	1.10714970372919	0.101788878304281	-0.441157480830456	-0.161681767440132
F3	M4	78	0.00158251385797729	0.00284852494435912	0.694923447472561	0.544157103357606	0.876387880739811	-0.13194649981398	-0.608517280882071	-0.363953587005523
L1	M4	94	9.6606842746616e-12	3.26048094269829e-11	2.35953393895965	1.86449324201094	2.95986447237931	1.0851434809294	0.622989296071814	0.858464116043413
L2	M4	52	0.0462925590483096	0.062494954715218	1.34524041322512	0.987152087828934	1.80000199224921	0.587787771706625	-0.0129311604073651	0.296572742972941
L3	M4	88	1.00522957285136e-23	3.87731406671238e-23	4.15587057622962	3.21193314906028	5.33602381707578	1.67448077207333	1.16687298299753	1.42452193132513
L4	M4	1	0.525074500202288	0.567080460218471	0.3363694629006	0.00827643224475297	2.00631794686446	0.696301174918688	-4.79434329175887	-1.0895451311613
L5	M4	7	0.35638607115401	0.418366257441664	1.40604241598545	0.54058653701108	3.09188426050602	1.12878069810544	-0.61510054923998	0.340778960775147
L6	M4	5	0.398766761217515	0.448612606369705	1.46766311146403	0.451210854460778	3.73017388857237	1.3164548514893	-0.795820522215359	0.383671415752377
M1	M4	138	0.0440761447684047	0.062494954715218	1.20809482682692	1.00277953131614	1.44609128596798	0.368864251735645	0.00277567556211048	0.189044595460642
M2	M4	193	3.80605751537113e-25	1.71272588191701e-24	2.518221757037	2.13600934739769	2.95717763243047	1.08423531090596	0.758939297210885	0.923553000464349
M3	M4	68	7.37327506880829e-06	1.80980388052567e-05	1.87857539995853	1.42840355363671	2.43849474635243	0.891380941706938	0.356557424579301	0.630513723612589
M4	M4	168	3.21462976742776e-33	1.73590007441099e-32	3.3033145633377	2.75713281720023	3.9409355439239	1.37141814282002	1.01419130541893	1.19492637751971
M5	M4	153	2.42127267125007e-38	2.17914540412506e-37	4.02228952273067	3.31412584818372	4.85896419408913	1.58082528640899	1.19819389299177	1.39185127352613
M6	M4	2	3.89386462857611e-05	8.08725730550422e-05	0.121885751375321	0.0146226361056642	0.446849536775863	-0.80553334779875	-4.22518453272911	-2.10467113714208
M7	M4	4	0.577979858473441	0.600209853030112	1.20473166748826	0.312155076338233	3.34906242849297	1.20868043457382	-1.16425517511028	0.186256859562815
M8	M4	7	0.0296100365119261	0.0470277050483533	0.446386846206791	0.176777941708125	0.939938894480779	-0.0619404117025724	-1.7328609006566	-0.806569334731815
M9	M4	19	5.0830506273072e-05	9.80302620980675e-05	3.20905358275695	1.8195293939785	5.40868240050947	1.68800551430635	0.598577892915404	1.16597605963772
N1	M4	4	1	1	1.01715926794867	0.26551973213748	2.79225478071117	1.02684943457313	-1.32606612039331	0.0170137104576145
Olig1	M4	26	0.0409879766632474	0.0614819649948711	0.661616925195765	0.426777526868433	0.984188105302554	-0.0159382362740189	-0.851492415888297	-0.413068553381366
Olig2	M4	13	0.028706248896836	0.0470277050483533	0.539252545314288	0.283189015343888	0.938862487054759	-0.0630862566592263	-1.26164070554234	-0.617571273623338
Tumor1	M4	832	2.99146847043159e-41	4.03848243508265e-40	0.58712178783045	0.54108994946926	0.636573788170117	-0.451654939706766	-0.614169748763464	-0.532523005664719
Tumor2	M4	951	2.56352013171885e-08	6.9215043556409e-08	1.25244601539965	1.15725584960252	1.35465843717568	0.303549346670092	0.146051555660491	0.225098451570661
Tumor3	M4	84	1.74303561346671e-49	4.70619615636011e-48	0.261193573149823	0.207237163861528	0.325326004337122	-1.12292750914319	-1.57389142241423	-1.34249348697513
Tumor4	M4	102	0.118724334006651	0.152645572294265	0.845585983791301	0.682535581067819	1.03801321910836	0.0373085198344368	-0.38194061984922	-0.167725420023156
Tumor5	M4	11	3.09876552385467e-37	2.0916667286019e-36	0.0867949424361424	0.0431846554886413	0.15601644566175	-1.85779385638034	-3.14227004385167	-2.44420692587813
B1	M5	11	8.26973013487794e-09	2.02984285128822e-08	0.245477438633998	0.12182762078989	0.442766456690178	-0.814712833749248	-2.10514817774118	-1.40455023562844
F1	M5	260	2.14233134032708e-23	7.23036827360389e-23	2.10706472230523	1.83270404886561	2.41526920461835	0.881810752783662	0.605792498574595	0.745295852103108
F2	M5	47	0.356068153638973	0.436992734011467	0.863084775769395	0.627451580872104	1.16185910698816	0.150021400637811	-0.466088772910141	-0.147242358923339
F3	M5	67	0.0737091030635261	0.104744514879748	0.794943912557583	0.610334666173808	1.02026006958119	0.0200575649744491	-0.493747839187064	-0.229483717058624
L1	M5	84	3.94265923786473e-14	1.06451799422348e-13	2.77656823227345	2.16713154854127	3.52103999734215	1.25875639976251	0.773404426083791	1.02121571632047
L2	M5	26	0.451993796025112	0.488153299707121	0.846048781290884	0.545821338950809	1.25849936067378	0.229920027586573	-0.605463574823548	-0.167178259937915
L3	M5	74	3.14335782893372e-22	9.43007348680116e-22	4.43862615996659	3.37085359371998	5.78566499138955	1.75538330501414	1.21516600419633	1.49034490513188
L4	M5	2	1	1	0.928493472313351	0.107889271879113	3.63350635422531	1.29019811986215	-2.22664983817544	-0.0741919285712777
L5	M5	7	0.113283437279001	0.152932640326651	1.88388431823327	0.724140449555154	4.14317572372462	1.42146257680468	-0.322769914311982	0.633335772057339
L6	M5	2	1	1	0.729364994679585	0.0854819536212463	2.80654410944415	1.03195387216389	-2.45944999407492	-0.315580993698355
M1	M5	108	0.039435490763443	0.0591532361451644	1.23894902295372	1.00473560546484	1.51478336229146	0.415272433549391	0.00472442776018884	0.214263458098978
M2	M5	208	5.73710059040342e-49	7.74508579704461e-48	3.78853203418873	3.2248014576939	4.43613505115641	1.48978351337917	1.17087138484686	1.33197861799264
M3	M5	55	1.44178827004716e-05	3.24402360760612e-05	1.9751113553922	1.45970318220083	2.62775415840029	0.966129549214714	0.378233115189583	0.680624779240716
M4	M5	161	1.03254740993911e-43	9.29292668945203e-43	4.24525071770221	3.52952856444579	5.08327569018802	1.62595587468587	1.26116431087795	1.44580087990432
M5	M5	137	1.60408536349486e-41	1.08275762035903e-40	4.69279207685933	3.83373061758174	5.71467227229517	1.74303695042228	1.34383838070006	1.54602773087859
M6	M5	14	0.445543155824847	0.488153299707121	1.22685904574935	0.65615478061544	2.11803526327084	0.75048889636585	-0.42135857180882	0.204457281989997
M7	M5	9	0.00084536495424046	0.00152165691763283	4.18908090947798	1.76102524776405	8.95799157428008	2.19254604720419	0.565896166585652	1.43248135652604
M8	M5	1	0.000174289744114712	0.000361986391622864	0.0825060569580542	0.002080061978899	0.465639224020033	-0.764344142083957	-6.17535758816525	-2.49488357066306
M9	M5	11	0.0212046712120008	0.0336780072190601	2.22243332523387	1.06336491329884	4.21158414738532	1.43783885895723	0.0614383267147583	0.798602688061144
N1	M5	5	0.224624257176086	0.288802616369254	1.74237718084243	0.538757723356224	4.38730229238266	1.47871452621148	-0.618489301970927	0.555250376716421
Olig1	M5	13	0.000981579395411712	0.00165641522975726	0.429282335347334	0.226525171928624	0.742763261475469	-0.297377910237426	-1.4848992058913	-0.845640452170222
Olig2	M5	5	0.000729689198843791	0.00140725774062731	0.269330338924688	0.0867270624734932	0.636784089807586	-0.451324629362724	-2.44498930464499	-1.31181662704484
Tumor1	M5	339	2.14552856814609e-145	5.79292713399445e-144	0.268242622595216	0.238213445346951	0.301288031703683	-1.19968855582639	-1.43458817803281	-1.31586339982448
Tumor2	M5	878	1.59814299821949e-31	7.19164349198772e-31	1.67264655034721	1.53617645209149	1.82032846034951	0.599016957524975	0.429296505791277	0.514407132707514
Tumor3	M5	64	1.37561730982598e-37	7.42833347306027e-37	0.265274741823815	0.203207246927938	0.340820328236819	-1.07639983722367	-1.59352889989831	-1.32698922846275
Tumor4	M5	82	0.377096215956128	0.442678166557193	0.898782007719916	0.707845564089722	1.12788643880054	0.120345473185598	-0.345529338898963	-0.106714756984461
Tumor5	M5	9	1.26561058296026e-27	4.88164081998956e-27	0.095033873511329	0.0433145096372352	0.181187417682274	-1.70822332662379	-3.13926760455751	-2.35352188765803
B1	M6	6	0.162616848061263	0.216822464081684	0.553797959691058	0.201799696014782	1.21804044627441	0.197243375858206	-1.60047967743254	-0.590955352450224
F1	M6	19	0.00369769835525035	0.00924424588812587	0.52694976107175	0.314630007830361	0.831617355054182	-0.18438285374252	-1.15635790883057	-0.640650065019602
F2	M6	6	0.0367736853204592	0.0735473706409183	0.431328339278738	0.157284381052647	0.947623836472139	-0.0537976524421813	-1.84969976785521	-0.840885670835553
F3	M6	43	1.46872190247317e-05	0.000146872190247317	2.16247624571461	1.54187744435578	2.96321069822352	1.08627337582481	0.433000793614071	0.771253975122924
L1	M6	9	0.862023131698712	0.862023131698712	1.04330696177223	0.472406718451129	2.00718862779978	0.696735050350447	-0.749914972805935	0.0423954393078529
L3	M6	1	0.0705654148162115	0.108562176640325	0.188912234187303	0.00476463088089576	1.0632900946552	0.0613679639682021	-5.34653520953637	-1.66647274115469
M1	M6	54	6.76392968513765e-09	1.35278593702753e-07	2.57427551439943	1.90228862523741	3.42201796803951	1.23023042619833	0.643057700895245	0.945568140897051
M2	M6	27	0.0185246043415245	0.04116578742561	1.6223455604183	1.05580467520617	2.39618145802458	0.87387641111868	0.054303201514799	0.483872978882748
M3	M6	3	0.134085934310346	0.191551334729066	0.391659552609475	0.0802803813705072	1.15640532269338	0.145316333962833	-2.52223000456071	-0.937362304787224
M4	M6	1	0.000160971024810197	0.00107314016540131	0.0812150568490953	0.00205417699040687	0.455368320978226	-0.786648690841452	-6.18788000253819	-2.51065461982832
M5	M6	11	0.507796900260251	0.564218778066945	1.18266382664855	0.584289040101303	2.14551780274931	0.763380923130847	-0.537359486911883	0.167769374408143
M6	M6	9	0.00292246783124393	0.00834990808926838	3.20353949645987	1.43521645924954	6.25498234796274	1.83337832184659	0.36131568051858	1.16425629117963
M8	M6	1	0.377977689585234	0.444679634806158	0.342192235824908	0.00860854363374163	1.93695846378162	0.661118940612919	-4.75500012307945	-1.07238260677937
Olig1	M6	10	0.344176265918599	0.430220332398248	1.37379306295412	0.651391238687785	2.56534616550983	0.942093426830587	-0.428644836203154	0.317575573253754
Olig2	M6	3	0.635530050885424	0.668979000932026	0.666842900579816	0.136363545187289	1.97696014442478	0.681560384361995	-1.99243083331697	-0.405200792172975
Tumor1	M6	185	0.000360006844880206	0.00180003422440103	0.735083966658696	0.616660026638894	0.873229373021363	-0.135557016505909	-0.483437417248451	-0.307770545942266
Tumor2	M6	194	0.000951314899045194	0.00317104966348398	1.33375461232108	1.12152906614589	1.58117750255852	0.458169824258299	0.114692991847712	0.287997981787985
Tumor3	M6	32	0.000797580287534476	0.00317104966348398	0.559884849285647	0.37907318551011	0.80000582014333	-0.223136276161511	-0.970025990931638	-0.580024142672553
Tumor4	M6	33	0.0404813372632242	0.0736024313876804	1.47608969541326	1.00338635741	2.10403872592461	0.743858700563783	0.00338063661321129	0.38939649358208
Tumor5	M6	31	0.0615006566444598	0.102501094407433	1.44228390836805	0.967974164659621	2.07750000695429	0.7311652510949	-0.0325498814629466	0.366227904620764
B1	M7	1	0.271654129711498	0.34866699983896	0.288164737782897	0.00725433760224662	1.62796993203991	0.487333798146834	-4.92615569905459	-1.24422295618876
F1	M7	25	0.000161364046027549	0.00123712435287788	2.41348397724473	1.52033456214697	3.68172931319353	1.30338256386551	0.418930417313902	0.881071337291622
F2	M7	7	0.215213479885717	0.309369377335718	1.62974038335871	0.645354246597979	3.43216799046573	1.23319212869869	-0.437955893420461	0.488420728120159
F3	M7	6	1	1	0.892076141563777	0.323119172062468	1.97945673783241	0.682822432226669	-1.12973407005241	-0.11420378954762
L1	M7	9	0.00199778505833721	0.0076581760569593	3.39178024679692	1.52135992294077	6.61171187340189	1.8888426026938	0.419604621010343	1.22135493009893
L2	M7	9	0.000902591817417827	0.00432291832007085	3.82208794967749	1.7131647675025	7.45651560632632	2.00908822820132	0.538342401232705	1.34079685698124
L3	M7	18	1.139274463609e-13	2.6203312663007e-12	12.3208486343505	7.06433358915781	20.2865261353138	3.00995692850005	1.95505868601986	2.51129283839139
L4	M7	1	0.159874177702676	0.282854314397042	5.91875246995495	0.144977210105971	35.6490414374425	3.57372225834853	-1.93117872059728	1.7781256952624
L5	M7	1	0.272869825960925	0.34866699983896	3.19233008835564	0.0792185942838958	18.632292300933	2.9248962205726	-2.53554423140559	1.16075108537999
M1	M7	13	0.0357849621714545	0.091450458882606	1.86032493958016	0.97135852945653	3.26319959718352	1.18270818557904	-0.0290596415027713	0.620751171166082
M2	M7	11	0.0261521466283167	0.0751874215564104	2.07987253139477	1.01920156370653	3.81525131268193	1.33900653745063	0.0190195400835308	0.732306608852066
M3	M7	2	1	1	0.82689154989305	0.0992174728512944	3.03969511304889	1.11175721862834	-2.31044114258786	-0.190081729325399
M4	M7	8	0.0603122583498147	0.138718194204574	2.14716734414227	0.911577777677211	4.33117327387965	1.46583846925479	-0.0925783591815309	0.764149459102019
M5	M7	10	0.000939764852189316	0.00432291832007085	3.49578097236058	1.6431804101829	6.60504869571321	1.88783431050021	0.496633638372615	1.25155680490403
M7	M7	1	0.188654355247872	0.28927001138007	4.90693263392534	0.120787639155938	29.2248053153798	3.37501784575784	-2.11372132358503	1.59064902844726
M8	M7	1	0.604409252103124	0.731653305177466	1.08412724095345	0.0271779362879111	6.18013880250904	1.8213407311703	-3.60534980073888	0.0807752770822202
M9	M7	2	0.0697116423737094	0.145760706781392	4.7514958708875	0.562708195690246	17.9058324071238	2.88512649257494	-0.574994087711624	1.55845948865644
Olig1	M7	2	1	1	0.848150319813208	0.101761095219339	3.11832609618265	1.13729635021591	-2.28512741667958	-0.164697394968959
Olig2	M7	2	0.656587886582559	0.755076069569943	1.40574606143423	0.168319685203117	5.18685403527427	1.64612735448252	-1.78189021966317	0.340568166432191
Tumor1	M7	30	4.16115426130859e-11	4.78532740050488e-10	0.314293964632473	0.20616052781713	0.46415618801602	-0.767534171293535	-1.57910015241076	-1.15742653793227
Tumor2	M7	36	0.0193591044249018	0.0636084859675344	0.657464050408434	0.446060023418437	0.945065928650148	-0.0565005881545597	-0.807301754361682	-0.419365192609906
Tumor3	M7	11	0.131897923149768	0.252804352703723	0.606628384234619	0.297842186713478	1.10971883710634	0.104106683334206	-1.21119150753797	-0.499838892480447
Tumor4	M7	11	0.18145670157373	0.28927001138007	1.53343350795003	0.751980929011786	2.80993021725551	1.03315964932039	-0.285044315710544	0.427509343964702
B1	M8	23	0.0200190354866615	0.0573201446243025	1.68159150768331	1.05282556484447	2.5617920730392	0.940707042116723	0.0514775640111026	0.519740670987045
F1	M8	25	0.000719460470489489	0.0032375721172027	0.527601771861853	0.338760556246855	0.786412445927732	-0.240273883814941	-1.08246174492142	-0.639413499801454
F2	M8	12	0.183117679234354	0.336378585599407	0.662342431841848	0.339573223483292	1.16897403419794	0.156126470265429	-1.08006567487589	-0.411972588139162
F3	M8	27	1	1	0.982812044914517	0.641403604086166	1.44690032768106	0.369423563231991	-0.444096372646	-0.0173373826974373
L1	M8	13	0.545959855046487	0.845763739776251	1.15368243869231	0.607835552165428	2.00007356088528	0.693183960326203	-0.497850907012625	0.142958947107169
L2	M8	14	0.199335458132982	0.336378585599407	1.40587281687851	0.759613996698798	2.39495521607872	0.87336453176476	-0.274944873806717	0.340658331884801
L3	M8	7	0.845568199703917	0.992623538782859	1.02853638174968	0.409064657393832	2.15223827352214	0.766508358067227	-0.893882048896208	0.0281368030872663
L4	M8	2	0.158754378027257	0.329720631287379	2.92436577314717	0.339472143347785	11.4650230387694	2.43930092579493	-1.08036338734458	1.07307762747959
L5	M8	1	1	1	0.764554085120477	0.0190368580050425	4.42874757509465	1.4881168296602	-3.9613782839799	-0.268462510372443
L6	M8	1	0.595167076138843	0.845763739776251	1.12067476669294	0.0277054392510724	6.60225282060563	1.88741092724574	-3.58612652221091	0.113930974156206
M1	M8	9	1.14090531252109e-05	0.000102681478126898	0.292950815679843	0.133210797683609	0.560275876898412	-0.579325979240276	-2.01582246047058	-1.22775054862982
M2	M8	1	6.49294018366914e-09	8.76546924795333e-08	0.0427711262083879	0.00108474413167959	0.239400250612227	-1.42961843902411	-6.8264111431372	-3.15189202535308
M3	M8	9	1	1	0.908192142899292	0.41135686123628	1.74661911791264	0.557681986725201	-0.888294165704968	-0.0962993116447514
M4	M8	8	0.0517322006541326	0.126979037969234	0.50137806260134	0.214986800157236	0.997382055068455	-0.00262137774195827	-1.53717864735671	-0.69039484650601
M5	M8	1	0.000108613912729477	0.000733143910923967	0.079011687009222	0.00199854008230655	0.44298592721025	-0.814217276461336	-6.2153383238186	-2.53815950063109
M6	M8	1	0.193277844141909	0.336378585599407	0.255430931250384	0.00642978714739696	1.44452511161731	0.367780625070249	-5.04681384432921	-1.36480323367067
M7	M8	1	0.578171816021914	0.845763739776251	1.1753945479208	0.0290265018296815	6.94267888322487	1.93768770626584	-3.5395460101121	0.16160387669731
M8	M8	10	0.00499653265903194	0.0168632977242328	2.75732753614463	1.29493151770536	5.21624029033865	1.65177689149628	0.258457811672395	1.0142619266337
M9	M8	2	0.697597140662243	0.896910609422884	1.13402282900993	0.134913610966047	4.23614823416008	1.44365442102681	-2.00312062414913	0.125771336504977
N1	M8	1	1	1	1.00382424196535	0.0248747121043355	5.88115393495246	1.77175299009742	-3.69390356969951	0.00381694814169151
Olig1	M8	5	0.141740909646713	0.318917046705104	0.510935417754802	0.164702037782702	1.20542322462996	0.186830729037295	-1.80361726918108	-0.671512080807051
Olig2	M8	4	0.671502020777233	0.896910609422884	0.677190555373115	0.182850463789238	1.75913887025267	0.564824411048862	-1.69908659794349	-0.389802575404707
Tumor1	M8	410	1.20265719125499e-14	3.24717441638846e-13	1.70392320286494	1.48732730255454	1.95121951219512	0.668454567969573	0.396980752574627	0.532933358650266
Tumor2	M8	161	0.000217898040868403	0.00117664942068938	0.728071441048032	0.609037385810529	0.866070767097577	-0.143788656555626	-0.495875624305015	-0.317356102292473
Tumor3	M8	96	0.00412489555032859	0.0159103114084103	1.38854981041651	1.10837504474694	1.72325399772614	0.544214362656832	0.102895019089695	0.328259900665759
Tumor4	M8	28	0.778583637018268	0.955534463613329	0.930167700486271	0.612161927808015	1.35996022364777	0.307455452002432	-0.490758443545429	-0.0723903859875748
Tumor5	M8	17	0.0212296831941861	0.0573201446243025	0.577846739638502	0.334067093907665	0.934107443843741	-0.0681638111341864	-1.09641342621605	-0.548446601804688
B1	M9	20	4.15717336881317e-05	0.000430044798222162	2.94805516635911	1.77121051406788	4.6472159772144	1.53626832572057	0.571663219081471	1.0811456872996
F1	M9	31	0.107393000238823	0.205836583791077	1.36096742126625	0.910712867382075	1.96719330337497	0.676607807773632	-0.0935276153964249	0.308195786032529
F2	M9	9	1	1	0.990161347960195	0.448252529666637	1.90564131347984	0.644818599421588	-0.802398523084739	-0.00988737139535955
F3	M9	8	0.130130412726153	0.230230730207809	0.562964523106895	0.241034556488762	1.12226997829959	0.115353400525986	-1.42281496785037	-0.574538666847638
L1	M9	13	0.00875301271260894	0.028759898912858	2.32581246719013	1.22062566959163	4.0532965259693	1.39953050706453	0.199363571213224	0.844069426250318
L2	M9	5	1	1	0.974612935572986	0.313539808463407	2.30699067437765	0.835943936867735	-1.15982894622601	-0.025714875961258
L3	M9	9	0.00862109349895802	0.028759898912858	2.67617277828882	1.20487130821113	5.19000823333793	1.6467352835615	0.186372763074247	0.98438770605943
L5	M9	2	0.141880455425646	0.233089319627847	3.09728185183317	0.365844770687824	11.7348269395325	2.46256108181738	-1.00554615935047	1.13052490486855
L6	M9	1	0.367102429419109	0.527709742289969	2.2290153423701	0.0550487004457283	13.1653994596809	2.57759213503872	-2.89953702289085	0.801559937453216
M1	M9	12	0.509544258305771	0.689383408296043	0.791138001467077	0.404705044988213	1.40043316747599	0.336781594105243	-0.904596761182928	-0.234282861871507
M2	M9	18	0.0670187646224604	0.140130144210599	1.61716722756988	0.945728986539699	2.59913568198673	0.955178959755228	-0.0557992345477739	0.480675993658219
M3	M9	14	0.000619720376575626	0.00356339216530985	2.89821586538517	1.55931850917197	4.96418233052688	1.60224859723326	0.444248872718445	1.06409532883497
M4	M9	29	3.28686911792538e-09	7.55979897122837e-08	3.93478595500077	2.5848100402271	5.78172650977088	1.7547023421937	0.94965201985483	1.36985648521855
M5	M9	11	0.0642903510444364	0.140130144210599	1.79817979404986	0.886243356762655	3.27281811378062	1.18565142226105	-0.120763697059347	0.586774927740785
M7	M9	1	0.353798308435791	0.527709742289969	2.33782725897452	0.057673524555328	13.8441801157489	2.62786493607194	-2.85295705729848	0.84922197622045
M8	M9	1	1	1	0.516419571323805	0.0129792874115737	2.92779044993216	1.07424802589186	-4.34440046816746	-0.660835721185206
M9	M9	5	0.00213004922851843	0.00979822645118477	5.89087893081927	1.85441360321603	14.4102551316055	2.66794011503204	0.617568529219259	1.77340521077842
Olig1	M9	4	1	1	0.813111228475279	0.219664894659136	2.11037053529214	0.746863541213689	-1.51565209998239	-0.206887366399571
Olig2	M9	2	1	1	0.668008026206378	0.0802618137676562	2.44938964515208	0.895838869092269	-2.52246131574862	-0.403455090238666
Tumor1	M9	149	0.764268255034576	0.97656499254418	0.967313133110078	0.788842791699472	1.18201799968816	0.167223147030534	-0.237188228053234	-0.0332330168051896
Tumor2	M9	85	0.0250952753305776	0.0721489165754107	0.765034044104668	0.596327171800296	0.97212480849805	-0.0282710789601827	-0.51696581655886	-0.267834944048185
Tumor3	M9	15	5.60927997681081e-05	0.000430044798222162	0.388123554769982	0.215138078511921	0.648230920687261	-0.433508287025402	-1.53647523135626	-0.946431549921341
Tumor4	M9	8	0.0648940932595326	0.140130144210599	0.513459477453539	0.219875094017734	1.02333372509552	0.0230656557604178	-1.51469564832822	-0.666584167131444
B1	N1	1	0.535901351066631	0.669876688833289	0.351917823574672	0.00885113547368512	1.99293658100734	0.68960921985499	-4.727209526081	-1.04435758639285
F1	N1	15	0.058969467930789	0.168484194087969	1.69931483996808	0.928083310041713	2.8925777607502	1.06214806330263	-0.074633776473513	0.530225134508718
F2	N1	7	0.0958216584730231	0.239554146182558	2.00326820590499	0.791087636769735	4.23514612623161	1.4434178319318	-0.234346524975101	0.694779949818943
F3	N1	3	0.383845639041046	0.609756359322874	0.537057083896885	0.1095438136441	1.59900059389923	0.469378805270905	-2.21143068515043	-0.621650888638918
L1	N1	8	0.00213216830612516	0.0106608415306258	3.68560616038891	1.55787623518622	7.47902789452017	2.01210282291513	0.443323506030155	1.30443500611335
L2	N1	2	1	1	0.990338827354241	0.118669351333399	3.64965820800013	1.29463352156595	-2.13141421345807	-0.00970814455485373
L3	N1	2	0.396341633559868	0.609756359322874	1.47459134631175	0.176441395781544	5.44870305310781	1.69537760844852	-1.73476649297674	0.388380898057449
M1	N1	17	0.000101682146743247	0.00101682146743247	3.09397815611929	1.75398201474652	5.12795920401565	1.63470776405155	0.56188864004709	1.12945769204815
M2	N1	4	1	1	0.890387129864158	0.239477091854965	2.32748981870447	0.844790355811277	-1.42929751658079	-0.116098933455727
M3	N1	3	0.453649602164309	0.648070860234727	1.52835911757152	0.311104773405245	4.56761381276445	1.51899092691567	-1.16762553155998	0.424194687719069
M4	N1	6	0.137898516356797	0.306441147459548	1.95335853025114	0.704782067351534	4.35903739262706	1.47225125147756	-0.349866648282706	0.66955021428359
M5	N1	9	0.000873814341318863	0.00582542894212575	3.85063479063922	1.7223415837064	7.53419377001027	2.01945182834584	0.54368475085562	1.34823801539388
M8	N1	1	0.532503203343215	0.669876688833289	1.32418994750789	0.033162910495031	7.56539936650359	2.02358513718909	-3.40632318130523	0.280800912109824
N1	N1	2	0.0170972636236741	0.0683890544946964	10.5164374681978	1.22778361597835	40.6934616794646	3.70606743284728	0.205210605711724	2.3529395062494
Olig1	N1	2	0.719674906918356	0.846676361080418	1.03704333636938	0.124240616375796	3.82317065687513	1.34108009323539	-2.08553513898373	0.0363737185086131
Tumor1	N1	32	4.72956326460723e-06	9.45912652921446e-05	0.430059136020365	0.283587255924921	0.634348792422962	-0.455156330042077	-1.26023542212891	-0.843832554121556
Tumor2	N1	49	0.181629209838412	0.363258419676824	1.25914194896496	0.88639599370865	1.76385384951929	0.56750110240577	-0.120591482732353	0.230430496097457
Tumor3	N1	7	0.0383597718557676	0.127865906185892	0.464911531605647	0.183971758496932	0.979869687334369	-0.0203356882668804	-1.69297301958312	-0.765908146106996
Tumor4	N1	5	0.83626896714261	0.929187741269567	0.827260354532872	0.264840937632573	1.97243135191293	0.679266970553271	-1.32862586855805	-0.189635815446574
Tumor5	N1	3	0.389493131617088	0.609756359322874	0.51154485517105	0.104356410251194	1.52289703879719	0.420614467423677	-2.25994321705155	-0.670320004041259
B1	Olig1	10	0.000693889951479288	0.00468375717248519	0.383643665836634	0.182765809422117	0.711842692569078	-0.339898329383406	-1.69954967562813	-0.958041110760277
F1	Olig1	40	9.99715979250575e-08	8.99744381325517e-07	0.462349203682825	0.328042709695771	0.634632459015746	-0.454709252361162	-1.1146114665878	-0.77143482128543
F2	Olig1	25	0.237045799114897	0.492325890469401	0.766566192495332	0.491705787538235	1.14381617674079	0.134370195379302	-0.709874734167305	-0.265834227588193
F3	Olig1	60	0.121908069502579	0.329151787656964	1.23244451235137	0.930351958001675	1.60590022504815	0.473684487223632	-0.0721923149646049	0.208999605516694
L1	Olig1	19	0.909323119343701	0.909323119343701	0.928329324260062	0.552970533319865	1.46907496403135	0.384632926544145	-0.592450564015373	-0.0743687338690366
L2	Olig1	19	0.809530678681958	0.909323119343701	1.04860094475123	0.624009399846994	1.66142007210996	0.507672701793193	-0.471589846868806	0.0474568421202467
L3	Olig1	14	0.55895688688806	0.843807044662893	1.14879159388617	0.619510103489727	1.96182969212966	0.673877554179665	-0.478826268942256	0.13871060198541
L4	Olig1	3	0.135475099925437	0.332529790726073	2.46922101639905	0.483312495889382	7.90639942897378	2.06767248585654	-0.727091845117976	0.903902722921699
L5	Olig1	1	0.732296965399649	0.859652959382197	0.417267591049017	0.0103975659151945	2.41427351213856	0.88139841871715	-4.56618354684391	-0.874027557834531
L6	Olig1	2	0.675970257339064	0.859652959382197	1.25318472688078	0.146841884204048	4.8249605740192	1.57380256356983	-1.91839888875476	0.225688092725734
M1	Olig1	71	0.0154814383797949	0.0696664727090772	1.36696887519801	1.05557600931419	1.74627537440375	0.55748516228017	0.0540865983275648	0.312595788790585
M2	Olig1	41	0.870830330021754	0.909323119343701	1.01912127862306	0.724078702571643	1.39863869411704	0.335499402226271	-0.322855187294952	0.018940764453057
M3	Olig1	18	0.903308788396084	0.909323119343701	1.01207670465392	0.592963932588181	1.62276199553724	0.484129633008411	-0.5226217037765	0.0120043631055426
M4	Olig1	22	0.285613425031466	0.550825891132113	0.770685288020687	0.478614462459433	1.17991560430717	0.165442914146183	-0.736859885704015	-0.260475175493291
M5	Olig1	14	0.0803229432412931	0.240968829723879	0.622070064624143	0.33718811348967	1.05535259984042	0.0538749289478981	-1.08711430409951	-0.474702548496565
M6	Olig1	13	0.0294133741219992	0.100626165564882	1.95107708612104	1.01630119561379	3.43359734856971	1.23360850125267	0.0161697575987462	0.668381571942461
M7	Olig1	2	0.66673158746866	0.859652959382197	1.31590480754844	0.153953060066382	5.08216452949266	1.62573725932328	-1.87110752779467	0.274524495597212
M8	Olig1	5	0.692949561401926	0.859652959382197	0.7259537124405	0.232579596494836	1.72917126182074	0.547642254323678	-1.45852276202787	-0.320269023158911
M9	Olig1	4	0.562538029775262	0.843807044662893	1.26863399770912	0.337321198733131	3.37862479241726	1.2174687605537	-1.08671969058484	0.237940729250903
N1	Olig1	2	0.700573657144052	0.859652959382197	1.11973854198286	0.131614126891943	4.28315760843552	1.45469049656359	-2.027880918649	0.113095213396395
Olig1	Olig1	82	7.29919568061029e-32	1.97078283376478e-30	5.74605582582418	4.44793846973347	7.3507289040684	1.99479947892921	1.49244072360923	1.74851367610757
Olig2	Olig1	41	1.26003517297989e-13	1.70104748352286e-12	4.45529269142089	3.10795441033908	6.24742566157104	1.83216948474798	1.13396476390975	1.49409275829796
Tumor1	Olig1	520	0.306055911196734	0.55090064015412	0.944605977917934	0.847495673463768	1.05184477015578	0.0505455465417929	-0.165469544798063	-0.0569873930223245
Tumor2	Olig1	335	0.0298151601673724	0.100626165564882	0.872072124647682	0.769180584771645	0.9865920398094	-0.0134986585209468	-0.262429506392561	-0.136883146741657
Tumor3	Olig1	114	0.160913348707826	0.362055034592608	0.868401410084432	0.709121113482324	1.05484207300998	0.0533910618933867	-0.343728944073395	-0.141101217206366
Tumor4	Olig1	79	0.000872958074408858	0.00471397360180783	1.5142521886017	1.18464857688787	1.91230198043175	0.648307741714424	0.169446171016308	0.414921712214972
Tumor5	Olig1	45	0.350161873759941	0.590898161969901	0.860283495457025	0.621811692399069	1.16324547926433	0.151213925437483	-0.475117977418697	-0.150493298175588
B1	Olig2	33	0.000101913050695515	0.00032029815932876	2.15645077336627	1.46342939774508	3.07939297349163	1.12473249103269	0.38078258392604	0.76846370974866
F1	Olig2	26	5.19539114883754e-05	0.000190497675457376	0.478608069581586	0.310370962255751	0.707535700387425	-0.345967190826249	-1.16998704448289	-0.736873242844352
F2	Olig2	20	1	1	0.980294290595256	0.593133626816804	1.53193686495439	0.42653285960393	-0.522335565037852	-0.019902455871725
F3	Olig2	23	0.141088703420219	0.238765498095755	0.723777586822136	0.455003018369137	1.09713200697382	0.0926995085783762	-0.787451226274866	-0.323271134314079
L1	Olig2	11	0.77570719888036	0.886180360153466	0.846919510397686	0.418904251747516	1.53405634162614	0.427915430840429	-0.870112901289498	-0.166149617892045
L2	Olig2	17	0.0987853007938851	0.19757060158777	1.50326783205415	0.864887487323771	2.44500107379469	0.89404556210657	-0.145155852968482	0.407641293201562
M1	Olig2	37	0.534923964315288	0.692254542055078	1.10359639890358	0.76908066888957	1.53969872956333	0.431586767133784	-0.262559413951472	0.0985743003107123
M2	Olig2	15	0.0323904652261311	0.0791766927749872	0.57603733319196	0.320035206601476	0.959053089545528	-0.0418088463551292	-1.13932426861058	-0.551582805817243
M3	Olig2	17	0.0929468005475299	0.19757060158777	1.53568457201476	0.883381971192793	2.49811355938805	0.915535870793425	-0.12399758845813	0.428976256875671
M4	Olig2	13	0.277142919749052	0.406476282298609	0.719743856719528	0.380088672678896	1.24405079508966	0.218372825549022	-0.967350704328396	-0.328859884823911
M5	Olig2	6	0.0278816086554776	0.0766744238025635	0.419892825582262	0.153096210946921	0.922615584423273	-0.0805426161484128	-1.87668872550182	-0.86775577745305
M6	Olig2	3	0.805618509230424	0.886180360153466	0.678412634170143	0.138411218041058	2.01929980475425	0.702750820012817	-1.97752618387341	-0.387999571195926
M7	Olig2	2	0.254545367426421	0.399999863098662	2.10815051126712	0.246481438934013	8.14868641352211	2.09785673800753	-1.4004685867766	0.745811028162096
M8	Olig2	3	0.804469033161817	0.886180360153466	0.68958267169072	0.140675337538421	2.05308004345252	0.719341125806972	-1.96130061424559	-0.37166868800707
M9	Olig2	2	1	1	0.991048795131548	0.117943577562978	3.7013499141078	1.3086975947624	-2.13754892511558	-0.00899150758828058
Olig1	Olig2	51	1.32664960773954e-19	1.45931456851349e-18	5.29361015094854	3.85132137984085	7.14715964838312	1.96671502580606	1.34841630495779	1.66650046130276
Olig2	Olig2	19	5.13125934851073e-05	0.000190497675457376	3.01258444669485	1.77806948810805	4.82267257814296	1.5733282511902	0.575528218503529	1.10279833052176
Tumor1	Olig2	480	1.1915991038766e-19	1.45931456851349e-18	1.79472379619837	1.5805296532133	2.037211437224	0.711581930200656	0.457760014416733	0.584851136116231
Tumor2	Olig2	129	2.02304273944454e-17	1.48356467559266e-16	0.476079407395711	0.392121632637528	0.574051415528089	-0.555036312583343	-0.936183199980202	-0.742170616404107
Tumor3	Olig2	68	0.115059164487207	0.21094180155988	0.81463354118546	0.625801352238942	1.04545671890807	0.0444538415242147	-0.468722286933227	-0.205016909578101
Tumor4	Olig2	28	0.332001436996677	0.456501975870431	0.809792093577836	0.533330450415239	1.18291317544707	0.167980188766945	-0.628614064908411	-0.210977738857478
Tumor5	Olig2	11	1.324296465415e-05	7.28363055978248e-05	0.322659733062604	0.160168689200826	0.581689384048134	-0.541818678106228	-1.83152771163497	-1.13115696904689
B1	Tumor1	586	6.53100772852057e-26	2.20421510837569e-25	2.76358030345181	2.23565721403788	3.44452939357417	1.23678728949537	0.804535240337622	1.01652705047286
F1	Tumor1	1300	9.57173745407702e-24	2.8715212362231e-23	0.639049673371847	0.585838730881359	0.697301213706426	-0.360537804176699	-0.534710730554626	-0.44777309151972
F2	Tumor1	554	0.00400949892938839	0.00596588696138135	0.814089968184797	0.707504177783268	0.937878209609007	-0.0641351789080453	-0.34601174448816	-0.205684393061598
F3	Tumor1	914	0.95290024604106	0.989550255504178	1.00559717396694	0.894517992033215	1.13177055807761	0.123783272026569	-0.111470262168331	0.00558156799454295
L1	Tumor1	317	1.14131584052747e-07	2.80141160856742e-07	0.629509823992272	0.529976504582409	0.748514472385967	-0.289664740124383	-0.634922604395204	-0.462813819595248
L2	Tumor1	349	0.192830685370994	0.236655841137129	1.14031567213393	0.93675940675501	1.39381830773325	0.332046965058164	-0.0653287994532244	0.131305129455829
L3	Tumor1	138	2.9170326551915e-23	7.87598816901704e-23	0.332865155689203	0.265539115177419	0.416291087007937	-0.876370535032176	-1.325993122683	-1.10001780888143
L4	Tumor1	24	1	1	1.04646146593741	0.493319246630894	2.3672275731371	0.861719470032433	-0.706598755426329	0.0454144403792566
L5	Tumor1	44	0.894446261398769	0.966001962310671	1.05522575347418	0.608722913818002	1.89069689611087	0.636945489209039	-0.49639210033008	0.0537547283723643
L6	Tumor1	35	0.106781970551692	0.137291104995033	1.86615790279147	0.879048675404918	4.41588878008155	1.48520912298769	-0.128915006942869	0.62388171984793
M1	Tumor1	787	2.07135145443019e-27	9.32108154493586e-27	0.554000676711615	0.498063356555283	0.616443121075028	-0.483789221664011	-0.697027988050956	-0.59058937073449
M2	Tumor1	412	2.12611384406805e-95	2.87025368949187e-94	0.277158524520807	0.244266743757568	0.314153157424929	-1.15787464949157	-1.40949443868898	-1.28316564580183
M3	Tumor1	276	6.01024906335522e-07	1.35230603925493e-06	0.626858844713536	0.521363046854103	0.754617645928109	-0.281544087246001	-0.651308652924714	-0.467033891742926
M4	Tumor1	380	5.44105361434905e-26	2.09869210839178e-25	0.460375295237528	0.39808221641923	0.532391584484254	-0.630375999339952	-0.92109672111349	-0.775713262919197
M5	Tumor1	231	1.01626431873946e-49	6.85978415149133e-49	0.292276932607675	0.246630749478391	0.345832267341235	-1.06180139793693	-1.39986300227697	-1.23005352681901
M6	Tumor1	106	0.00101903772367418	0.00161847167877664	0.611118330339854	0.453882951940704	0.825237090663982	-0.192084551310924	-0.789915929289399	-0.492464671884173
M7	Tumor1	15	3.8058106605265e-05	7.33977770244396e-05	0.266088829054304	0.131526403188689	0.518500516671167	-0.656814254840213	-2.02854766281401	-1.32392508213409
M8	Tumor1	147	0.000693950771741507	0.00117104192731379	1.81178249656261	1.2645591231588	2.65126681678375	0.975037569840807	0.234723542190485	0.594311165406412
M9	Tumor1	57	0.730988441328941	0.822361996495058	0.911095303803139	0.575436724633964	1.46935114864795	0.384820907869402	-0.552626005372428	-0.0931077727008754
N1	Tumor1	19	4.26791139872896e-05	7.68224051771213e-05	0.303315136611036	0.161255448074346	0.557061739459341	-0.585079202362025	-1.82476553736943	-1.19298295913316
Olig1	Tumor1	291	0.00419821675060169	0.00596588696138135	0.760275644851877	0.629081874386615	0.920857339802406	-0.0824501517904117	-0.463493864796087	-0.27407422086352
Olig2	Tumor1	204	0.255717220380577	0.300189780446764	1.1659004662883	0.89925259633243	1.52298573192438	0.420672705467555	-0.106191309190744	0.153493720895529
Tumor1	Tumor1	11528	1.17981420786725e-262	3.18549836124156e-261	2.188874393839	2.09052326483148	2.29227728473648	0.829545770913998	0.737414400588474	0.783387436281788
Tumor2	Tumor1	6165	4.33282957793281e-61	3.89954662013953e-60	0.676072428186055	0.64545640093153	0.708229661677161	-0.344986856988582	-0.43779761407258	-0.391455066391434
Tumor3	Tumor1	2763	4.70740023688347e-48	2.54199612791707e-47	1.80028156383722	1.65681618129859	1.95788016389731	0.671862338914229	0.504897797648956	0.587943077023115
Tumor4	Tumor1	1029	0.0701611776290191	0.0947175897991758	1.11038427929158	0.990747666304048	1.24605713966882	0.219984277795992	-0.00929540239854717	0.104706152971678
Tumor5	Tumor1	880	1.45565908566866e-05	3.02329194715798e-05	0.782444520338016	0.70051228226446	0.874525770918612	-0.134073515639668	-0.355943379790678	-0.245332259607888
B1	Tumor2	259	9.26657104334957e-34	8.33991393901461e-33	0.389951775230297	0.332534527442787	0.456591471798984	-0.783966222680265	-1.10101158234424	-0.941732200759788
F1	Tumor2	1553	3.57462500538931e-18	1.20643593931889e-17	1.48923206582414	1.35815962786688	1.63413044682137	0.49111082606736	0.30613056852221	0.398260595032892
F2	Tumor2	487	0.00273066952449328	0.00433694571537167	0.813209986621521	0.70944260279004	0.932610266056205	-0.0697678866734309	-0.343275683765758	-0.206765916657113
F3	Tumor2	957	2.47907312952182e-16	7.43721938856545e-16	1.62329392043757	1.43955813095595	1.83321604931735	0.606071828424322	0.364336212995924	0.484457369140422
L1	Tumor2	385	1.84660054838651e-05	3.56130105760255e-05	1.47834344152855	1.23057090822811	1.78182689621206	0.577639184157398	0.207478214729615	0.390922164631646
L2	Tumor2	210	4.77463957836359e-16	1.28915268615817e-15	0.478513887085437	0.398103334920452	0.574446910493255	-0.554347595896799	-0.921043671918634	-0.737070046388136
L3	Tumor2	245	9.54667730474066e-07	1.98277144021537e-06	1.79680452820424	1.40450377237718	2.31592775258057	0.839810364310777	0.339684053480364	0.586009825148152
L4	Tumor2	17	0.168616889179043	0.206938909447007	0.62060470920116	0.300447325978897	1.27652408942878	0.244140828989244	-1.2024828282954	-0.477060938854269
L5	Tumor2	35	0.372280616714875	0.418815693804234	0.793082593987256	0.470742248563226	1.34558770198267	0.296830870764543	-0.753444577723352	-0.231827908940839
L6	Tumor2	37	0.000994506780904353	0.00179011220562783	3.47789687559815	1.53005021662399	9.24617293905636	2.22420972959362	0.425300556188603	1.24642776500319
M1	Tumor2	875	0.91317132756836	0.91317132756836	0.993165250249517	0.891499805001352	1.10707465387433	0.101721089460188	-0.114850060409923	-0.00685821362682422
M2	Tumor2	826	2.12393918663305e-25	1.43365895097731e-24	2.01331027115453	1.75155830434754	2.31983414541297	0.84149569407662	0.560505851338611	0.699780268488435
M3	Tumor2	269	0.0251905163353376	0.0340071970527058	0.812965937653261	0.676561382279588	0.977741841511789	-0.022509609526773	-0.390732100410476	-0.207066067417494
M4	Tumor2	493	0.0373562884968629	0.0480295137816808	1.17312437694347	1.00920389248334	1.36589723352463	0.311811526638193	0.00916179477627926	0.159670597250109
M5	Tumor2	471	1.08926723570049e-20	5.88204307278266e-20	2.36991812379709	1.94793580055789	2.89968918881637	1.06460355497842	0.666770248084803	0.862855407629221
M6	Tumor2	130	0.0171156474015155	0.0243222357811009	1.45058879429752	1.05783367259446	2.00937244477763	0.697822456792714	0.0562231118094383	0.371969539043163
M7	Tumor2	24	0.752723004520825	0.781673889310087	0.876349076381387	0.455848941714617	1.71434923294011	0.539033552594656	-0.785593792518871	-0.13199077840156
M8	Tumor2	104	0.229616231100837	0.269549488683591	0.833053214460565	0.617259239720193	1.1274208422843	0.119932583530377	-0.482466181698867	-0.182657755949879
M9	Tumor2	40	0.00810896496431605	0.0121634474464741	0.558796583941886	0.357007567676293	0.870830168796739	-0.138308305301403	-1.02999829945436	-0.581969764821513
N1	Tumor2	28	0.663052408474731	0.71609660115271	0.876330309736203	0.479885219851689	1.6238128739015	0.484777009670418	-0.734208328984197	-0.132012193208322
Olig1	Tumor2	251	0.00110744092267114	0.00186880655700754	0.737398896749351	0.612570952750809	0.888086152776457	-0.118686521803589	-0.490090502046522	-0.304626289319162
Olig2	Tumor2	100	1.67175795543064e-18	6.44820925666105e-18	0.347183471081689	0.269414631474592	0.445191689445302	-0.809250326769126	-1.31150370514218	-1.0579019036607
Tumor1	Tumor2	7716	4.49641466259809e-129	1.21403195890148e-127	0.608235908755078	0.584100806551416	0.633389388886391	-0.456669897644399	-0.53768169709208	-0.497192464450686
Tumor2	Tumor2	6910	2.28927256317992e-76	3.09051796029289e-75	1.54982105123318	1.47830251800509	1.62501386977077	0.485516350988827	0.390894482234756	0.438139473448895
Tumor3	Tumor2	1941	1.46275450318659e-11	3.59039741691255e-11	0.786780038314952	0.733708813836708	0.843754400403197	-0.169893821516319	-0.309643040472536	-0.239806563512318
Tumor4	Tumor2	1005	3.10236428922355e-10	6.98031965075299e-10	1.42164371796034	1.27061726873892	1.59236930026723	0.465223033050391	0.239502820769213	0.351813750030597
Tumor5	Tumor2	1014	1.91429329925449e-19	8.61431984664523e-19	1.68865313588132	1.50025249358643	1.90344503917669	0.643665422862596	0.40563342300004	0.523931250175749
B1	Tumor3	137	0.0006732403195337	0.00121183257516066	0.726444207028614	0.59725391963577	0.878583659457891	-0.129444145999603	-0.515412929991944	-0.319593595853232
F1	Tumor3	328	2.4551312349617e-37	2.20961811146553e-36	0.486110201897569	0.430168050347179	0.547933700612318	-0.601600983637401	-0.843579331881846	-0.721319927910535
F2	Tumor3	262	0.00289756888343253	0.0046020211678046	1.25467002276373	1.07981235476939	1.45461678612685	0.374742488701174	0.0767872804567188	0.226872607942832
F3	Tumor3	274	9.79826005465284e-06	2.20460851229689e-05	0.742453258775543	0.646666280202623	0.850141355365361	-0.162352642894322	-0.435924913217861	-0.297795361430838
L1	Tumor3	82	9.76164141913189e-10	2.63564318316561e-09	0.503945104735251	0.393259315770981	0.638954755313212	-0.447921632568059	-0.933286048141928	-0.685287936018982
L2	Tumor3	93	0.00049744878732004	0.000959365518402934	0.675889728491991	0.532929405668867	0.849717379697453	-0.162851479259903	-0.629366310738533	-0.391725339777822
L3	Tumor3	40	1.42444591988558e-09	3.49636725790097e-09	0.396520666601364	0.277402124064418	0.553507003519504	-0.591480873761727	-1.28228711408523	-0.92502711668962
L4	Tumor3	5	0.172744839261672	0.19433794416938	0.489835412713759	0.148345684693877	1.2755447320126	0.243373328163226	-1.90821002135139	-0.71368583672286
L5	Tumor3	9	0.0429907193130382	0.0504673661500883	0.480734156025214	0.20879183235738	0.980982236924412	-0.019200926691401	-1.5664175408011	-0.73244085184216
L6	Tumor3	9	0.602829528134974	0.602829528134974	0.755949229155468	0.319447746935023	1.60490713588665	0.473065895647415	-1.14116156490897	-0.279781062259512
M1	Tumor3	207	8.84303140841185e-26	4.7752369605424e-25	0.478390775358182	0.410304105483268	0.555586709086738	-0.58773059011821	-0.890856673531735	-0.737327358809669
M2	Tumor3	134	8.64781179080202e-28	5.83727295879136e-27	0.400693610880901	0.331477688182004	0.481134140228093	-0.731609169942482	-1.10419477725633	-0.914558206361342
M3	Tumor3	67	4.57066022490212e-10	1.37119806747064e-09	0.466969213670674	0.354935651290868	0.606164783948916	-0.500603409168775	-1.03581876990641	-0.761491947103698
M4	Tumor3	87	1.46183841513286e-22	6.57827286809785e-22	0.369599312639061	0.291936319676125	0.463130866599802	-0.769745615590042	-1.23121958379842	-0.995335798959137
M5	Tumor3	61	2.8714977258752e-21	1.10757769426615e-20	0.327233751246495	0.246683807542643	0.427424436296781	-0.84997776342923	-1.39964789382861	-1.11708052784198
M6	Tumor3	31	0.0042340678227299	0.00601683322177406	0.575787083476824	0.378270156588766	0.850910146453325	-0.161448741819621	-0.97214663866867	-0.552017333364069
M7	Tumor3	7	0.218696733305841	0.227108146125296	0.587876346125251	0.220265527876301	1.34363428333731	0.295378094460027	-1.51292151550996	-0.531238648904108
M8	Tumor3	69	0.000373102689413519	0.000774905585705001	1.73871989674295	1.27108532256857	2.36307225817385	0.85996257673591	0.239871120220563	0.553149150945585
M9	Tumor3	13	0.025847446535886	0.0332324312604248	0.515988620328902	0.262379377501124	0.938012254289651	-0.0639922657865681	-1.33796381684093	-0.661670567369917
N1	Tumor3	8	0.187815041726212	0.202840245064309	0.573486306134494	0.232130131188985	1.23958742255887	0.214778600509271	-1.46045715426986	-0.556021220405732
Olig1	Tumor3	96	0.00928264497742161	0.0125315707195192	0.744604928486643	0.588202293463376	0.934939604063202	-0.0672733463645807	-0.530684353748157	-0.294901498593303
Olig2	Tumor3	57	0.0295568766843447	0.0362743486580594	0.724183664784722	0.531691754338199	0.972286704962852	-0.0281045540614611	-0.631691366701558	-0.322710238126033
Tumor1	Tumor3	4655	1.53527581156684e-98	2.07262234561523e-97	1.61715117488532	1.54644239357894	1.69096463117998	0.525299153778114	0.43595706290439	0.480666067186817
Tumor2	Tumor3	2236	7.22543502287495e-19	2.43858432022029e-18	0.789306856012103	0.748300539935077	0.832332678516305	-0.183523064095286	-0.289950590347138	-0.236600116112546
Tumor3	Tumor3	1498	6.81405717114394e-118	1.83979543620886e-116	2.34874227593667	2.18704135667159	2.52187433880927	0.925002410293943	0.782549651745184	0.853879983155426
Tumor4	Tumor3	319	0.000722700495471984	0.00121955708610897	0.805870825053565	0.708305730919594	0.914829930224201	-0.089017099589757	-0.34487945516452	-0.215831816002508
Tumor5	Tumor3	312	0.00317372354404131	0.00476058531606197	0.826911450755716	0.725513579496093	0.940355963037106	-0.0614967913187808	-0.320875489402198	-0.190057662537929
B1	Tumor4	65	0.000376710246670387	0.00145302523715721	0.638396510089926	0.485921123694299	0.82646177578474	-0.190601611084869	-0.721708965178525	-0.448795699512599
F1	Tumor4	345	0.056834760284415	0.109609894834229	1.12236844446367	0.994487832285594	1.26376535378243	0.234095640661472	-0.00552741576990243	0.115441135069903
F2	Tumor4	87	0.000321737903698969	0.00144782056664536	0.672611600838333	0.531788860774905	0.841671603260042	-0.172365360698531	-0.631508746660166	-0.396587232072207
F3	Tumor4	339	2.37971571250282e-28	3.21261621187881e-27	2.13011824703985	1.87219032923782	2.41914475666102	0.883414071367438	0.627109044488595	0.756177493222615
L1	Tumor4	66	0.157064471940636	0.223196881178798	0.826897631697316	0.628615240779131	1.07262338113623	0.0701074058898199	-0.46423590932059	-0.190074374331989
L2	Tumor4	45	0.00109095409554017	0.00368197007244808	0.612332942452889	0.439782845843104	0.834144759486967	-0.181348319159019	-0.821474206071683	-0.490479120781179
L3	Tumor4	65	0.00547078604198931	0.0164123581259679	1.48948564941939	1.11658968111975	1.96219449842164	0.674063488962588	0.110279112511415	0.39843085862958
L4	Tumor4	2	0.221126337574822	0.29852055572601	0.373467706534958	0.0434108682869068	1.46087359613397	0.379034610294576	-3.13704544786867	-0.984923739901091
L5	Tumor4	9	1	1	1.00891654960163	0.438098666505563	2.05905830015321	0.722248742435088	-0.82531112797983	0.008877031907167
L6	Tumor4	11	0.0469272627310795	0.0974643149030113	2.05707044877576	0.93734662106859	4.17534162698386	1.42919618177767	-0.0647021387157011	0.721282858395376
M1	Tumor4	172	0.0169742026784327	0.0458303472317684	0.822190940316048	0.69547317553691	0.967151775291018	-0.0333998410455607	-0.363162836965001	-0.19578262341141
M2	Tumor4	135	0.112485882801695	0.168728824202542	0.859430496229447	0.710888877665877	1.03230881476439	0.0317978614090555	-0.341239151596187	-0.151485322781604
M3	Tumor4	54	0.0751844558529011	0.126873769251771	0.768647199372701	0.567422301221608	1.02322606139547	0.0229604414384545	-0.566651453147122	-0.263123193196548
M4	Tumor4	117	0.318757414774017	0.374193486908628	1.10677272942271	0.899433357660039	1.35206329255714	0.301631790546584	-0.105990316540731	0.101448329507741
M5	Tumor4	93	0.287161460538653	0.352425428842893	1.12618705728986	0.891470328964631	1.40980383371361	0.343450569685484	-0.114883124381284	0.118837641399636
M6	Tumor4	37	0.0345220585752372	0.0847359619574005	1.50385117862226	1.01924836236081	2.16860119824977	0.774082350601108	0.0190654560059155	0.408029270247599
M7	Tumor4	6	1	1	1.02761670597794	0.353760058045925	2.46372888337329	0.901676008518905	-1.03913639779023	0.0272422433985373
M8	Tumor4	22	0.458283805571371	0.515569281267793	0.826459753141574	0.503648062424176	1.29537383952406	0.258799332660845	-0.685877543668899	-0.19060405844021
M9	Tumor4	6	0.0619102468455751	0.111438444322035	0.456175488419487	0.162554857461406	1.03734737662272	0.0366668554317764	-1.81673974980325	-0.784877700475644
N1	Tumor4	5	0.541391722196194	0.58470305997189	0.700387341070906	0.216638324351095	1.76246053548285	0.566710864238196	-1.52952602400428	-0.356121752590276
Olig1	Tumor4	74	0.286701786529672	0.352425428842893	1.14231516081956	0.877697206867382	1.46951082140898	0.384929570857191	-0.130453611720925	0.133057045856998
Olig2	Tumor4	28	0.0400928423524927	0.0902088952931086	0.662436300747645	0.431287191756428	0.981238009253333	-0.0189402298293965	-0.840981072601137	-0.411830875559325
Tumor1	Tumor4	1786	1.90240457459733e-15	1.2841230878532e-14	0.788664214238056	0.742959788130778	0.836943468184015	-0.177998751772445	-0.297113356683508	-0.237414632705013
Tumor2	Tumor4	1637	8.69589962738343e-13	4.69578579878705e-12	1.25536634539528	1.17960708266881	1.33546466885515	0.289279297849267	0.165181402238018	0.227427438668192
Tumor3	Tumor4	335	6.55956189046455e-17	5.90360570141809e-16	0.625724194313875	0.555532613267581	0.70298876590481	-0.352414367519911	-0.587827961873181	-0.468845589130898
Tumor4	Tumor4	386	2.40620580563857e-36	6.49675567522413e-35	2.26538532676951	2.00515066418629	2.55557817376763	0.93827848915849	0.695719202167911	0.817744866659901
Tumor5	Tumor4	175	0.0860642167103582	0.136690226539981	0.866306104431597	0.733471074248283	1.01820128492329	0.0180376244410002	-0.309967117421022	-0.143516963554714
B1	Tumor5	25	2.1715014017897e-09	3.84188709547409e-09	0.34952180754635	0.224261365095826	0.521374881802019	-0.651285953169405	-1.49494309885553	-1.05118932284183
F1	Tumor5	102	3.49065815092763e-20	1.60570274942671e-19	0.431509028413715	0.349341747303585	0.52797028630132	-0.638715272803896	-1.05170461726661	-0.840466845354914
F2	Tumor5	16	3.81421709525324e-21	2.19317482977061e-20	0.170863995871536	0.0970919198379986	0.279462557760764	-1.27488695686058	-2.33209712199809	-1.76688738471523
F3	Tumor5	199	1.22170268722629e-09	2.34159681718372e-09	1.6535976757543	1.41041390991139	1.93086043173978	0.657965723123073	0.34388321444043	0.502953323817368
L1	Tumor5	9	1.45329190057138e-14	4.17821421414273e-14	0.15233662999852	0.0692306620985403	0.291623810473399	-1.23229062760849	-2.67031142058609	-1.88166253586207
L2	Tumor5	12	2.90702514252754e-10	6.07832529801213e-10	0.230515571253532	0.11815022003823	0.406864032593133	-0.899276221606854	-2.1357984129876	-1.46743686458186
L3	Tumor5	1	1.07737337371324e-13	2.47795875954045e-13	0.0278809856615519	0.000707812169591062	0.156453172570085	-1.85499853058078	-7.25333179665584	-3.57981034000054
L5	Tumor5	2	0.0878955396410724	0.112310967319148	0.302439813455686	0.0358193101246328	1.14025948447829	0.131255854468777	-3.32926814203719	-1.19587298509002
M1	Tumor5	189	2.05801092904411e-05	2.9583907105009e-05	1.42118771884575	1.20907403992456	1.6632273117313	0.508759878621704	0.189854810389913	0.351492943729809
M2	Tumor5	17	1.49065157566383e-28	1.7142493120134e-27	0.143875462865145	0.08341440029252	0.231745403746097	-1.46211590754365	-2.48393431914445	-1.93880719481133
M3	Tumor5	17	3.70240062494854e-07	6.08251531241546e-07	0.337538710665135	0.194734565096126	0.547037608441994	-0.603237724916302	-1.63611785233424	-1.08607507697983
M4	Tumor5	16	3.78681724166232e-17	1.45161327597056e-16	0.196115854863718	0.111388187662129	0.321002931018042	-1.13630502499648	-2.19473399246003	-1.62904969813673
M5	Tumor5	12	5.62043527073489e-14	1.43633345807669e-13	0.188263636143512	0.0966529673018321	0.331764864146396	-1.10332880150935	-2.33662837227986	-1.6699119785722
M6	Tumor5	26	0.06268236143815	0.0848055478280853	1.50017550001719	0.950272092410643	2.28191936664846	0.82501691630573	-0.0510069223321073	0.405582101275654
M8	Tumor5	15	0.534606386870615	0.585521280858293	0.822661205396572	0.450115084805819	1.39718249746281	0.334457707006068	-0.798251984901766	-0.195210821143877
N1	Tumor5	3	0.625062708966989	0.653474650283671	0.6118464005352	0.121669253776693	1.90460288637635	0.644273528253057	-2.1064489503758	-0.491274007488088
Olig1	Tumor5	38	0.27241607636825	0.313278487823487	0.816343983699194	0.569023321099991	1.14060825728652	0.131561679137659	-0.563833859579737	-0.202919464193728
Olig2	Tumor5	8	8.23486500464268e-06	1.26267930071188e-05	0.266775719003496	0.113966960589105	0.533509645980443	-0.628278127840626	-2.17184669198722	-1.32134697731494
Tumor1	Tumor5	1138	1.44928053516889e-22	1.11111507696281e-21	0.706258332655503	0.657184036062762	0.758626752078704	-0.276245385283616	-0.419791183949775	-0.347774198140818
Tumor2	Tumor5	1181	1.43816122890947e-14	4.17821421414273e-14	1.32955898495029	1.23704350955556	1.42830760278888	0.356490248835856	0.212724266240092	0.284847296982512
Tumor3	Tumor5	313	0.114749908436945	0.138907783897355	0.905888063850995	0.800354957037138	1.02266338105408	0.022410382042375	-0.222699953421883	-0.0988395304054063
Tumor4	Tumor5	141	0.964195391406956	0.964195391406956	0.991771334383806	0.825269987018215	1.18436718491337	0.169208610776853	-0.192044689192569	-0.0082627079624509
Tumor5	Tumor5	730	0	0	11.8894667418993	10.6391478069864	13.2900985469088	2.58701928781495	2.36454038737751	2.47565286040335
