p_val	avg_log2FC	pct.1	pct.2	p_val_adj	cluster	gene
0	3.51024593683383	0.251	0.048	0	15	MS4A2
0	3.35611824861263	0.226	0.048	0	15	KIT
0.000000000000000000000000000000000000000000000000000000000000000000000000000000000000000000000000000000000000000000000000000000000000000000000000000000000000000000000000000000000000000000000000000000000000000000000000000000000794106114561968	0.959208890506678	0.606	0.69	0.000000000000000000000000000000000000000000000000000000000000000000000000000000000000000000000000000000000000000000000000000000000000000000000000000000000000000000000000000000000000000000000000000000000000000000000000000000377994510531497	15	IFI6
0.0000000000000000000000000000000000000000000000120254457958774	0.570554678180831	0.344	0.291	0.00000000000000000000000000000000000000000000572411219883764	15	THAP2
0	-0.514831672524817	0.044	0.249	0	15	HIF1A
0	-0.558367322381448	0.039	0.226	0	15	MS4A4A
0	-0.558710651283007	0.05	0.279	0	15	STAT3
0	-0.57020334422971	0.041	0.238	0	15	P4HB
0	-0.580422020594146	0.101	0.432	0	15	CD63
0	-0.607740344509891	0.074	0.36	0	15	ENO1
0	-0.644060342336088	0.09	0.311	0	15	GFAP
0	-0.67381418702788	0.034	0.227	0	15	TGFBR1
0	-0.727704739389003	0.035	0.207	0	15	SERPINB9
0	-0.751286400207026	0.054	0.284	0	15	MS4A6A
0	-0.77760492897759	0.058	0.298	0	15	CD44
0	-0.920754165510764	0.025	0.204	0	15	TGFB1
0	-0.933485801901708	0.111	0.381	0	15	VEGFA
0	-0.946933823781362	0.027	0.204	0	15	RHOB
0	-1.09059456873961	0.031	0.225	0	15	HLA-DPB1
0	-1.26543879511993	0.028	0.229	0	15	ISG15
0	-1.4078832414172	0.028	0.269	0	15	AIF1
0	-1.42263619032611	0.024	0.229	0	15	HAVCR2
0	-1.51399506095812	0.033	0.296	0	15	FCGR3A
0	-1.81873356658342	0.074	0.465	0	15	CTSB
0	-1.91043521000112	0.019	0.244	0	15	CD14
0	-1.9204932247374	0.023	0.275	0	15	CD163
0	-2.01876419658871	0.032	0.312	0	15	MX1
0	-2.03601647160858	0.038	0.352	0	15	C1QA
0	-2.04697709847822	0.03	0.312	0	15	TGFBI
0	-2.05231585863103	0.081	0.49	0	15	HLA-DRA
0	2.78885578123009	0.4	0.121	0	14	COL1A1
0	2.55807548148353	0.47	0.267	0	14	FN1
0.00000000000000000000000000000000000000000000000000000000000000000000000000000000000000000000000000000000000000010680546220988	2.23379602200194	0.204	0.106	0.0000000000000000000000000000000000000000000000000000000000000000000000000000000000000000000000000000000000000508394000119027	14	CXCL9
0.000159061083640535	1.05825220629445	0.162	0.214	0.0757130758128946	14	IGFBP2
0.0000000000000000000111587955322906	0.680927265998394	0.256	0.417	0.00000000000000000531158667337032	14	CD63
0.0000000000000000000000000000000000000000000000000000000000000000000000000000000000000000000000000000000000000000000000000000000000000000000000000000000267397489991597	-0.537858129264129	0.355	0.673	0.0000000000000000000000000000000000000000000000000000000000000000000000000000000000000000000000000000000000000000000000000000000000000000000000000000127281205236	14	GAPDH
0.00000000000000000000000000000000000000000000000000000000000000000000000000000000000000000124580869603817	-0.565979131918817	0.117	0.279	0.000000000000000000000000000000000000000000000000000000000000000000000000000000000000000593004939314167	14	LYZ
0.00000000000000000000000000000000000000000000000000000000000000000000000000000000000000000000000000000000000000000000000000000000000000000000000000000000231556541681458	-0.619409917747383	0.085	0.301	0.00000000000000000000000000000000000000000000000000000000000000000000000000000000000000000000000000000000000000000000000000000000000000000000000000000110220913840374	14	TGFBI
0.0000000000000000000000000000000000000000000000000000000000000000000000000000000000000000000000000000000000000000000000000000000000000000283298790516873	-0.641239234243177	0.047	0.223	0.0000000000000000000000000000000000000000000000000000000000000000000000000000000000000000000000000000000000000000000000000000000000000134850224286032	14	DST
0.000000000000000000000000000000000000000000000000000000000000000000000000000000000000000000000000000000000000000000000000000000000000000000000000000000000798050080459357	-0.658085469035567	0.11	0.34	0.000000000000000000000000000000000000000000000000000000000000000000000000000000000000000000000000000000000000000000000000000000000000000000000000000000379871838298654	14	C1QA
0.000000000000000000000000000000000000000000000000000000000000000000000000000000000000000000000000000000000000000000000000000000000000000000000000000000000000000421596829711683	-0.666152575382537	0.183	0.45	0.000000000000000000000000000000000000000000000000000000000000000000000000000000000000000000000000000000000000000000000000000000000000000000000000000000000000200680090942761	14	CTSB
0.0000000000000000000000000000000000000000000000000000000000000000000000000000000000000000000000000000000000000000000000000000000000000000000000000000000000000000211624712215102	-0.705686367049303	0.077	0.295	0.0000000000000000000000000000000000000000000000000000000000000000000000000000000000000000000000000000000000000000000000000000000000000000000000000000000000000100733363014388	14	PTN
0.000000000000000000000000000000000000000000000000000000000000000000000000000000000000000000000000000000000000000000000000000000000000000000000000000000930591542932642	-0.71113113190541	0.038	0.22	0.000000000000000000000000000000000000000000000000000000000000000000000000000000000000000000000000000000000000000000000000000000000000000000000000000442961574435938	14	TGFBR1
0.0000000000000000000000000000000000000000000000000000000000000000000000000000000000000000000000000000000000000000000000000000000000000000000000551613300070111	-0.792282009978606	0.035	0.208	0.0000000000000000000000000000000000000000000000000000000000000000000000000000000000000000000000000000000000000000000000000000000000000000000262567930833373	14	IFNGR1
0.00000000000000000000000000000000000000000000000000000000000000000000000000000000000000000000000000000000000000000000000000000000000000000000000000000000000000000000000000000000000321427788553113	-0.95995910819341	0.049	0.263	0.00000000000000000000000000000000000000000000000000000000000000000000000000000000000000000000000000000000000000000000000000000000000000000000000000000000000000000000000000000000152999627351282	14	SOX2
0.00000000000000000000000000000000000000000000000000000000000000000000000000000000000000000000000000000000000000000000000000000000000000000000000000000000000000000000000000000000000000000000000000000000000126204015636377	-1.06319471483367	0.106	0.372	0.000000000000000000000000000000000000000000000000000000000000000000000000000000000000000000000000000000000000000000000000000000000000000000000000000000000000000000000000000000000000000000000000000000000600731114429154	14	VEGFA
0.00000000000000000000000000000000000000000000000000000000000000000000000000000000000000000000000000000000000000000000000000000000000000000000000000000000000000000000000000000000000000000000000000000000514010165480134	-1.06894596516211	0.064	0.305	0.00000000000000000000000000000000000000000000000000000000000000000000000000000000000000000000000000000000000000000000000000000000000000000000000000000000000000000000000000000000000000000000000000000244668838768544	14	GFAP
0.00000000000000000000000000000000000000000000000000000000000000000000000000000000000000000000000000000000000000000000000000000000000000000000000000000000000000000000000000000021953408964767	-1.11994448073688	0.035	0.237	0.000000000000000000000000000000000000000000000000000000000000000000000000000000000000000000000000000000000000000000000000000000000000000000000000000000000000000000000000000104498226672291	14	CD14
0.000000000000000000000000000000000000000000000000000000000000000000000000000000000000000000000000000000000000000000000000000000000000000000000000000000000000000000000000000000000149130350053164	-1.1329932528456	0.195	0.441	0.0000000000000000000000000000000000000000000000000000000000000000000000000000000000000000000000000000000000000000000000000000000000000000000000000000000000000000000000000000000709860466253058	14	C1QB
0.0000000000000000000000000000000000000000000000000000000000000000000000000000000000000000000000000000000000000000000000000000000000000000000000000000000000000014844042853914	-1.14983444591344	0.034	0.22	0.000000000000000000000000000000000000000000000000000000000000000000000000000000000000000000000000000000000000000000000000000000000000000000000000000000000000706576439846306	14	MS4A4A
0.00000000000000000000000000000000000000000000000000000000000000000000000000000000000000000000000000000000000000000000000000000000000000000000000000000000000000000000000000000000000000000000000000036108130539686	-1.16284487315546	0.035	0.254	0.000000000000000000000000000000000000000000000000000000000000000000000000000000000000000000000000000000000000000000000000000000000000000000000000000000000000000000000000000000000000000000000000171874701368905	14	FCGR1A
0.000000000000000000000000000000000000000000000000000000000000000000000000000000000000000000000000000000000000000000000000000000000000000000000000000000000000000000000000000000000000000000000000000000000000000000369410705195575	-1.23538042687813	0.042	0.277	0.000000000000000000000000000000000000000000000000000000000000000000000000000000000000000000000000000000000000000000000000000000000000000000000000000000000000000000000000000000000000000000000000000000000000000175839495673094	14	MS4A6A
0.000000000000000000000000000000000000000000000000000000000000000000000000000000000000000000000000000000000000000000000000000000000000000000000000000000000000000000000134907514602684	-1.24732308336502	0.038	0.233	0.0000000000000000000000000000000000000000000000000000000000000000000000000000000000000000000000000000000000000000000000000000000000000000000000000000000000000000000642159769508774	14	VSIG4
0.000000000000000000000000000000000000000000000000000000000000000000000000000000000000000000000000000000000000000000000000000000000000000000000000000000000000000000000000000000000000000000000000659797821777619	-1.2699641467725	0.258	0.52	0.000000000000000000000000000000000000000000000000000000000000000000000000000000000000000000000000000000000000000000000000000000000000000000000000000000000000000000000000000000000000000000000314063763166147	14	MDM2
0.00000000000000000000000000000000000000000000000000000000000000000000000000000000000000000000000000000000000000000000000000000000000000000000000000000000000000000000000000000000000000000000722095821967366	-1.35262010235888	0.11	0.351	0.00000000000000000000000000000000000000000000000000000000000000000000000000000000000000000000000000000000000000000000000000000000000000000000000000000000000000000000000000000000000000000343717611256466	14	CDK4
0.0000000000000000000000000000000000000000000000000000000000000000000000000000000000000000000000000000000000000000000000000000000000000000000000000000000000000000000000000000000000000000000000000000000000000000000000000000081812732707135	-1.36476646685172	0.053	0.302	0.00000000000000000000000000000000000000000000000000000000000000000000000000000000000000000000000000000000000000000000000000000000000000000000000000000000000000000000000000000000000000000000000000000000000000000000000000389428607685963	14	MX1
0.000000000000000000000000000000000000000000000000000000000000000000000000000000000000000000000000000000000000000000000000000000000000000000000000000000000000000000000000000000000000000000000000000000000000000000000000000000000000000000000228213924996237	-1.55872128155324	0.036	0.287	0.000000000000000000000000000000000000000000000000000000000000000000000000000000000000000000000000000000000000000000000000000000000000000000000000000000000000000000000000000000000000000000000000000000000000000000000000000000000000000000108629828298209	14	FCGR3A
0.000000000000000000000000000000000000000000000000000000000000000000000000000000000000000000000000000000000000000000000000000000000000000000000000000000000000000000000000000000000104825808129593	-1.73705525374541	0.035	0.236	0.0000000000000000000000000000000000000000000000000000000000000000000000000000000000000000000000000000000000000000000000000000000000000000000000000000000000000000000000000000000498970846696863	14	RNASE1
0.000000000000000000000000000000000000000000000000000000000000000000000000000000000000000000000000000000000000000000000000000000000000000000000000000000000000000000000000000000000000000000000000000000000000000000000000000000000000000000000000000000000000097603220007804	-1.95639559310391	0.042	0.305	0.0000000000000000000000000000000000000000000000000000000000000000000000000000000000000000000000000000000000000000000000000000000000000000000000000000000000000000000000000000000000000000000000000000000000000000000000000000000000000000000000000000000000464591327237147	14	C1QC
0.000000000000000000000000000000000000000000000000000000000000000000000000000000000000000000000000000000000000000000000000000000000000000000000000000000000000000000000000000000000000000000000000000000000000000000000000000000000000000121675194222826	-2.01731261530581	0.034	0.277	0.0000000000000000000000000000000000000000000000000000000000000000000000000000000000000000000000000000000000000000000000000000000000000000000000000000000000000000000000000000000000000000000000000000000000000000000000000000000000000579173924500652	14	APOE
0	3.77771742830902	0.669	0.086	0	10	CD8A
0	3.64368612283812	0.679	0.105	0	10	CCL5
0	3.58836805276369	0.579	0.082	0	10	GZMK
0	3.58709153422153	0.489	0.063	0	10	NKG7
0	3.38412079932495	0.553	0.085	0	10	GZMA
0	3.27439399207762	0.373	0.059	0	10	PRF1
0	3.06619794061039	0.574	0.105	0	10	CD2
0	3.06322553580058	0.431	0.076	0	10	CD3D
0	3.02296402187536	0.614	0.114	0	10	TRAC
0	3.0127155141818	0.487	0.089	0	10	CD3E
0	2.84340148969594	0.475	0.122	0	10	CCL4
0	2.76916242350401	0.245	0.064	0	10	LAG3
0	2.75572124072763	0.215	0.048	0	10	GZMB
0	2.52504411972307	0.232	0.055	0	10	CD247
0.00000000000000000000000000000000000000000000000000000000000000000000000000000000000000000000000000000000000000000000000000000000000000000000000000000000000000000000000000000000000000000000000000000000000000000000000000000000000000000000000000000000000000000000000000000000000000000000000000000198569826985174	2.12363827346905	0.353	0.212	0.000000000000000000000000000000000000000000000000000000000000000000000000000000000000000000000000000000000000000000000000000000000000000000000000000000000000000000000000000000000000000000000000000000000000000000000000000000000000000000000000000000000000000000000000000000000000000000000000000945192376449429	10	HAVCR2
0.0000000000000000000000000000000000000000000000000000000000000000000000000000000000000000000000000000000000000000000000000000000000000000000000000000000000000000000000000000000000000000000000000000000000000000000000000000000000000000000000000000000000000000000000000199656429884863	1.9096575496507	0.309	0.17	0.00000000000000000000000000000000000000000000000000000000000000000000000000000000000000000000000000000000000000000000000000000000000000000000000000000000000000000000000000000000000000000000000000000000000000000000000000000000000000000000000000000000000000000000000950364606251949	10	ITGA4
0	1.82656443789129	0.341	0.168	0	10	CXCR4
0	1.65001230544453	0.583	0.367	0	10	PTPRC
0.00000000000000000000000000000000000000000000000000000000000000000000000000000000000000000000000000000000000000000000000000000000000000000000000000000000000000000000000000000000000000000000000000000000000433539579640233	1.46186207236438	0.22	0.104	0.00000000000000000000000000000000000000000000000000000000000000000000000000000000000000000000000000000000000000000000000000000000000000000000000000000000000000000000000000000000000000000000000000000000206364839908751	10	CXCL9
0.000000000000000000000000722515436103587	1.40222469205724	0.207	0.182	0.000000000000000000000343917347585307	10	PECAM1
0.0000000000000000000525598669558966	1.20470851275896	0.216	0.197	0.0000000000000000250184966710068	10	SERPINB9
0.0000000000000204389506806428	0.97168436061568	0.225	0.213	0.00000000000972894052398597	10	HLA-DPB1
0	0.798869472823498	0.826	0.536	0	10	CD74
0.00697266557204791	0.625131265701079	0.215	0.268	1	10	STAT3
0.000000000000000000000000000000000000000000000000000000000000000000000000000000000000000000000000000238425613692224	-0.505553090456085	0.097	0.222	0.000000000000000000000000000000000000000000000000000000000000000000000000000000000000000000000000113490592117499	10	ISG15
0.00000000000000000000000000000000000000000000000000000000000000000000000000000000000000000000002324416528628	-0.568130461040919	0.196	0.34	0.0000000000000000000000000000000000000000000000000000000000000000000000000000000000000000000110642226762693	10	C1QA
0.0000000000000000000000000000000000000000000000000000000000000000000000000000000000000000000000000000000000000000000000000000273415204155841	-0.581607380412589	0.144	0.302	0.000000000000000000000000000000000000000000000000000000000000000000000000000000000000000000000000000000000000000000000000013014563717818	10	MX1
0.00000000000000000000000000000000000000000000000000000000000000000000000000000000000000000000000000000000508246292025542	-0.598043861698019	0.087	0.211	0.00000000000000000000000000000000000000000000000000000000000000000000000000000000000000000000000000000241925235004158	10	FGL2
0.0000000000000000000000000000000000000000000000000000000000000000000000000000000000000000000000000000000000000000000000000805206194237068	-0.619247787329694	0.117	0.266	0.0000000000000000000000000000000000000000000000000000000000000000000000000000000000000000000000000000000000000000000000383278148456844	10	CD163
0.0000000000000000000000000000000000000000000000000437185586744364	-0.63204003399081	0.368	0.437	0.0000000000000000000000000000000000000000000000208100339290317	10	C1QB
0	3.51711468177251	0.435	0.027	0	11	SOX18
0	3.24957268011441	0.605	0.05	0	11	GATA2
0	3.05513964575761	0.725	0.1	0	11	SLC26A2
0	2.96317355222807	0.226	0.024	0	11	ERBB2
0	2.93579266803113	0.568	0.058	0	11	LAG3
0	2.8894220354655	0.659	0.129	0	11	CXCL10
0	2.763444560525	0.473	0.043	0	11	GZMB
0	2.66189394234057	0.574	0.058	0	11	PRF1
0	2.53392347540204	0.669	0.122	0	11	CCL4
0	2.51504380567579	0.649	0.065	0	11	NKG7
0	2.37771729115861	0.791	0.116	0	11	TRAC
0	2.31809191373682	0.634	0.075	0	11	CD3D
0	2.30509936783569	0.75	0.092	0	11	CD8A
0	2.28421498925493	0.307	0.04	0	11	ALDH1A3
0	2.23892893492473	0.289	0.031	0	11	IFNG
0	2.21186362130824	0.337	0.045	0	11	TNFRSF9
0	2.20447458859729	0.734	0.108	0	11	CD2
0	2.13725334384422	0.326	0.035	0	11	CD27
0	2.10849526971104	0.657	0.087	0	11	GZMK
0	2.07672345093457	0.494	0.098	0	11	CXCL9
0	1.95979494818501	0.618	0.09	0	11	GZMA
0	1.93973354535386	0.641	0.09	0	11	CD3E
0	1.90272952698993	0.305	0.058	0	11	ITGAE
0	1.82336072801956	0.432	0.097	0	11	PRDM1
0	1.80146338326927	0.395	0.098	0	11	TCIM
0	1.74459457783991	0.23	0.033	0	11	DUSP2
0	1.68520216529575	0.592	0.212	0	11	CD47
0	1.66346521054875	0.365	0.054	0	11	CD247
0	1.61257550238104	0.568	0.208	0	11	HAVCR2
0	1.60448078216565	0.911	0.33	0	11	CDK4
0	2.54562437372453	0.258	0.1	0	13	CD3E
0	2.27362934193697	0.302	0.128	0	13	TRAC
0.0000000000000000000000000000000000000000000000000000000000000000000000000000000000000000000000000000000000000000000000000000000000000000000000000000000000000000000000000000000000000000000000000000000000000000000000000000000000000000000000408517882682563	2.19730928861332	0.264	0.12	0.00000000000000000000000000000000000000000000000000000000000000000000000000000000000000000000000000000000000000000000000000000000000000000000000000000000000000000000000000000000000000000000000000000000000000000000000000000000000000000001944545121569	13	CD2
0.000000000000000000000000000000000000000000000000000000000000000000000000000000000000000000000000000000000000000000000000000000000206746700339563	2.07466737745739	0.2	0.101	0.0000000000000000000000000000000000000000000000000000000000000000000000000000000000000000000000000000000000000000000000000000000984114293616321	13	GZMA
0.000000000000000000000000000000000000000000000000000000000000000000000000000000000000000000000000000000000000000000000000000000000000000000000000000000000000000000000000000000000000000000000000000000000000000000251577242321562	2.05767973995357	0.261	0.123	0.000000000000000000000000000000000000000000000000000000000000000000000000000000000000000000000000000000000000000000000000000000000000000000000000000000000000000000000000000000000000000000000000000000000000000119750767345063	13	CCL5
0.000000000000000000000000000000000000000000000000036673419950584	1.94116229143512	0.228	0.173	0.000000000000000000000000000000000000000000000017456547896478	13	CXCR4
0.0000000000000000000323126167931196	1.37930520141544	0.344	0.376	0.0000000000000000153808055935249	13	PTPRC
0.0000000000000000016785678463466	1.01372419513729	0.173	0.272	0.00000000000000079899829486098	13	ITGB1
0.00000000000000000000000000000326574040537105	0.912112090341708	0.122	0.216	0.00000000000000000000000000155449243295662	13	HLA-DPB1
0.00000000000000000000000000000000000000000122620412771807	0.809450474312308	0.099	0.2	0.000000000000000000000000000000000000000583673164793799	13	SERPINB9
0.00000000000000000000000000000000000000000000000000667615910082488	0.801997170218893	0.108	0.225	0.00000000000000000000000000000000000000000000000317785173199264	13	CD47
0.000000000000000000000000000000000000000275085797133157	0.706288678304324	0.158	0.288	0.000000000000000000000000000000000000130940839435383	13	CD44
0.00000000000000000000000000000000000000000000000000000000000000000000000000000000000000000000000638629989558284	0.652382816673823	0.623	0.546	0.00000000000000000000000000000000000000000000000000000000000000000000000000000000000000000000303987875029743	13	CD74
0.00000000000000000000000000000000000000000000000000000000000000000000097444435087102	0.576166563172779	0.092	0.221	0.000000000000000000000000000000000000000000000000000000000000000000463835511014606	13	HAVCR2
0.00000115499380720962	0.554541075436888	0.416	0.469	0.000549777052231781	13	HLA-DRA
0.000000000000000000000000000000000000000000000000000000000000000000000000000201151285325056	0.546641967343105	0.117	0.27	0.0000000000000000000000000000000000000000000000000000000000000000000000000957480118147266	13	STAT3
0.00000000000000000000000000000000000000000000000000000000000000000000000000000000000000000000000000000000000000000000000000000000000000000000000000000000000000550889513249307	-0.507948963898497	0.088	0.295	0.0000000000000000000000000000000000000000000000000000000000000000000000000000000000000000000000000000000000000000000000000000000000000000000000000000000000026222340830667	13	PTN
0.0000000000000000000000000000000000000000000000000000000000000000000000000000000000000000000000000000000000000000000000000000000000000000000000000000000000000000000000000000132123909351932	-0.581049279088271	0.086	0.302	0.00000000000000000000000000000000000000000000000000000000000000000000000000000000000000000000000000000000000000000000000000000000000000000000000000000000000000000000000000628909808515196	13	MX1
0.0000000000000000000000000000000000000000000000000000000000000000000000000000000000000000000000000000000000000000339596472178754	-0.649507890972296	0.246	0.44	0.0000000000000000000000000000000000000000000000000000000000000000000000000000000000000000000000000000000000000161647920757087	13	C1QB
0.0000000000000000000000000000000000000000000000000000000000000000000000000000000000000000000000000000000000000000000000000000000000000000000000000000000621903679810344	-0.732623131990084	0.035	0.2	0.0000000000000000000000000000000000000000000000000000000000000000000000000000000000000000000000000000000000000000000000000000000000000000000000000000296026151589724	13	PDPN
0.0000000000000000000000000000000000000000000000000000000000000000000000000000000000000000000000000000000000000000000000000000000000000000000000000000000000000000000000245815196810976	-0.746038566526343	0.039	0.22	0.0000000000000000000000000000000000000000000000000000000000000000000000000000000000000000000000000000000000000000000000000000000000000000000000000000000000000000000117008033682025	13	MS4A4A
0.000000000000000000000000000000000000000000000000000000000000000000000000000000000000000000000000000000000000000000000000000000221737144857858	-0.774075084132396	0.101	0.28	0.00000000000000000000000000000000000000000000000000000000000000000000000000000000000000000000000000000000000000000000000000010554688095234	13	LYZ
0.00000000000000000000000000000000000000000000000000000000000000000000000000000000000000000000000000000000000000000000000000000000000000000000000000000000000000000000000000000000000000000000150524397571948	-0.835875885393672	0.08	0.305	0.000000000000000000000000000000000000000000000000000000000000000000000000000000000000000000000000000000000000000000000000000000000000000000000000000000000000000000000000000000000000000000716496132442473	13	GFAP
0.000000000000000000000000000000000000000000000000000000000000000000000000000000000000000000000000000000000000000000000000000000000000000000000000000000000000000000000000000000000000000000000000000000000000604649554563124	-0.886886636851451	0.071	0.302	0.000000000000000000000000000000000000000000000000000000000000000000000000000000000000000000000000000000000000000000000000000000000000000000000000000000000000000000000000000000000000000000000000000000000287813187972047	13	TGFBI
0.00000000000000000000000000000000000000000000000000000000000000000000000000000000000000000000000000000000000000000000000000000000000000000000000000000000000000000000000000000874141064462055	-0.927929826007437	0.044	0.234	0.00000000000000000000000000000000000000000000000000000000000000000000000000000000000000000000000000000000000000000000000000000000000000000000000000000000000000000000000000416091146683938	13	VSIG4
0.00000000000000000000000000000000000000000000000000000000000000000000000000000000000000000000000000000000000000000000000000000000000000000000000000000000000000000000000000000000000000000000000000000000000000000000000000385257572312249	-0.972720586912159	0.055	0.287	0.0000000000000000000000000000000000000000000000000000000000000000000000000000000000000000000000000000000000000000000000000000000000000000000000000000000000000000000000000000000000000000000000000000000000000000000000018338260442063	13	FCGR3A
0.000000000000000000000000000000000000000000000000000000000000000000000000000000000000000000000000000000000000000000000000000000000000000000000000000000000000000000000000000000000000000000000000000000000000000369102595209277	-1.0283087821633	0.041	0.254	0.000000000000000000000000000000000000000000000000000000000000000000000000000000000000000000000000000000000000000000000000000000000000000000000000000000000000000000000000000000000000000000000000000000000000175692835319616	13	FCGR1A
0.0000000000000000000000000000000000000000000000000000000000000000000000000000000000000000000000000000000000000000000000000000000000000000000000000000000000000000000000000000000000000000000154513561491225	-1.03791744501999	0.039	0.237	0.00000000000000000000000000000000000000000000000000000000000000000000000000000000000000000000000000000000000000000000000000000000000000000000000000000000000000000000000000000000000000000735484552698232	13	CD14
0.00000000000000000000000000000000000000000000000000000000000000000000000000000000000000000000000000000000000000000000000000000000000000000000000000000000000000000000000000000000797246082714273	-1.04545864479471	0.037	0.224	0.00000000000000000000000000000000000000000000000000000000000000000000000000000000000000000000000000000000000000000000000000000000000000000000000000000000000000000000000000000379489135371994	13	DST
0.0000000000000000000000000000000000000000000000000000000000000000000000000000000000000000000000000000000000000000000000000000000000000000000000000000000000000000000000000000000000000000000000000000000000000412525995255769	-1.05905881732432	0.073	0.305	0.0000000000000000000000000000000000000000000000000000000000000000000000000000000000000000000000000000000000000000000000000000000000000000000000000000000000000000000000000000000000000000000000000000000000196362373741746	13	C1QC
0	4.25962639261531	0.57	0.056	0	2	IL7R
0	2.95472744902404	0.217	0.03	0	2	CCR7
0	2.75543142696047	0.701	0.167	0	2	CXCR4
0	2.75065046833612	0.451	0.056	0	2	CD247
0	2.72699923745559	0.751	0.124	0	2	TRAC
0	2.71457996625401	0.687	0.096	0	2	CD3E
0	2.68450465280303	0.554	0.106	0	2	CYTIP
0	2.55449738866778	0.258	0.061	0	2	CTLA4
0	2.49952893698676	0.685	0.115	0	2	CD2
0	2.44881057323633	0.346	0.084	0	2	CD69
0	2.43085079071787	0.316	0.051	0	2	SLAMF1
0	2.12303257917735	0.357	0.102	0	2	PRDM1
0	2.11496274239727	0.478	0.084	0	2	CD3D
0	2.07702588977453	0.296	0.067	0	2	CD28
0	2.04890999530054	0.423	0.092	0	2	STAT4
0	1.89149084577349	0.848	0.368	0	2	PTPRC
0	1.81808411598503	0.438	0.159	0	2	JAK1
0	1.70532165491081	0.48	0.122	0	2	CCL5
0.000000000000000000000000000000000000000000000000000000000000000000000000000000000000000000000000000000000000000000000000000000000292843977067856	1.69397187695738	0.202	0.072	0.000000000000000000000000000000000000000000000000000000000000000000000000000000000000000000000000000000000000000000000000000000139393733084299	2	GPR183
0	1.62003948422481	0.395	0.1	0	2	GZMA
0	1.60876192930444	0.624	0.279	0	2	CD44
0.0000000000000000000000000000000000000000000000000000000000000000000000000000000000000000000000000000000000000000000000000000000000000000000000000000000000000000000000000000000674505486848556	1.45997654263245	0.516	0.293	0.0000000000000000000000000000000000000000000000000000000000000000000000000000000000000000000000000000000000000000000000000000000000000000000000000000000000000000000000000000321064611739913	2	MX1
0.000000000000000000000000000000000000000000000000000000000000000000000000000000000000000000000000000000000000000000000000000000000000000699995832749862	1.4088408053012	0.371	0.191	0.000000000000000000000000000000000000000000000000000000000000000000000000000000000000000000000000000000000000000000000000000000000000333198016388934	2	TGFB1
0.0000000000000000000000000000000000000000000000000000000000000000000000000000000000000000000000000000000000000000000000000000000000000000000000000000000000000000000000000000000000000000000000000000135430983804537	1.38289087936027	0.397	0.172	0.00000000000000000000000000000000000000000000000000000000000000000000000000000000000000000000000000000000000000000000000000000000000000000000000000000000000000000000000000000000000000000000000000644651482909598	2	ITGA4
0.0000000000000000000000000000000000000000000000000000000000000000000000000000000000000000000000000000000000000000000000000000000000000000000000000000000000000000000000000518114312565342	1.3268638457316	0.435	0.219	0.0000000000000000000000000000000000000000000000000000000000000000000000000000000000000000000000000000000000000000000000000000000000000000000000000000000000000000000000246622412781103	2	CD47
0.00000000000000000000000000000000000000000000000000000000000000000000000000000000000000000000000000000000000000000000000000000000000000000000000000000000000000000000000000000000000000000000000000000000000000000000000000000000000000000000000000000000000187450413193239	1.30997131253238	0.258	0.069	0.000000000000000000000000000000000000000000000000000000000000000000000000000000000000000000000000000000000000000000000000000000000000000000000000000000000000000000000000000000000000000000000000000000000000000000000000000000000000000000000000000000000892263966799816	2	PRF1
0.0000000000000000000000000000000000000000000000000000000000000000000000000000000000000000000000000000000000000000000396096441089197	1.28208227818342	0.391	0.215	0.0000000000000000000000000000000000000000000000000000000000000000000000000000000000000000000000000000000000000000188541905958458	2	ISG15
0.000000000000000000000000000000000000000000000000000000000000000000000000000000000000000000000000000000000000000000000000000000000000000000000000000000000000000000000000000000000000000000000000000000000000000000947613238003697	1.20082082201197	0.315	0.106	0.00000000000000000000000000000000000000000000000000000000000000000000000000000000000000000000000000000000000000000000000000000000000000000000000000000000000000000000000000000000000000000000000000000000000000045106390128976	2	CD8A
0.00000000000000000000000000000000000000000000000000000000640786850582135	1.18040144729832	0.293	0.183	0.00000000000000000000000000000000000000000000000000000305014540877096	2	CD4
0.0000000000000000000000000000000000000000000000000000055839118566021	1.10520765652085	0.248	0.145	0.0000000000000000000000000000000000000000000000000026579420437426	2	GLIPR1
0	4.27045420411141	0.29	0.017	0	6	FBLN1
0	4.05024260148416	0.848	0.115	0	6	COL1A1
0	3.35126936307833	0.353	0.037	0	6	PDGFRB
0	3.12672838153218	0.29	0.045	0	6	LTBP2
0	2.98876212115518	0.241	0.048	0	6	PTGDS
0	2.79203219239927	0.825	0.262	0	6	FN1
0	2.57106577823423	0.522	0.146	0	6	TIMP1
0	2.41211341921522	0.375	0.103	0	6	CXCL9
0	2.3415376490479	0.312	0.07	0	6	CTSK
0	2.31258545648336	0.339	0.085	0	6	COL5A2
0	2.19919031160359	0.403	0.088	0	6	FBN1
0	2.12326429972172	0.302	0.057	0	6	CD247
0.000000000000000000000000000000000000000000000000000000000000000000000000000000000000000000000000000000000000000000000000000000000000000000000000000000000000000000000000000000000000000000000000000000000000000000000000000000000000000000000000000000000000000000000657712100588283	2.01906713946069	0.217	0.061	0.000000000000000000000000000000000000000000000000000000000000000000000000000000000000000000000000000000000000000000000000000000000000000000000000000000000000000000000000000000000000000000000000000000000000000000000000000000000000000000000000000000000000000000313070959880023	6	IL7R
0	2.01229289532443	0.571	0.115	0	6	CD2
0	2.00990182426156	0.575	0.119	0	6	CCL5
0	1.94495107335485	0.48	0.094	0	6	GZMK
0	1.93514823576199	0.478	0.097	0	6	GZMA
0	1.9019104641778	0.465	0.098	0	6	CD3E
0	1.84363657168702	0.496	0.102	0	6	CD8A
0	1.82510259466956	0.403	0.084	0	6	CD3D
0	1.79709434899149	0.371	0.075	0	6	NKG7
0	1.79013127742611	0.559	0.125	0	6	TRAC
0	1.71911684943939	0.314	0.067	0	6	PRF1
0	1.58894977081505	0.555	0.264	0	6	ITGB1
0.0000000000000000000000000000000000000000000000000000000000000000000000000000000000000000000000000000000000000000000000000000000000000000000000000000000000000000000000000000000000560208243305029	1.38521076354071	0.207	0.069	0.0000000000000000000000000000000000000000000000000000000000000000000000000000000000000000000000000000000000000000000000000000000000000000000000000000000000000000000000000000000266659123813194	6	LAG3
0.00000000000000000000000000000000000000000000000000000000000000000000000000000000000000000000000000000000000000000000000000000000000000000000000000000000000000000000000000000000000000000000000000000000000000000000309369967172866	1.38183813827635	0.381	0.171	0.00000000000000000000000000000000000000000000000000000000000000000000000000000000000000000000000000000000000000000000000000000000000000000000000000000000000000000000000000000000000000000000000000000000000000000147260104374284	6	CXCR4
0.0000000000000000000000000000000000000000000000000000000000000000000000000000000000000000000000000000000000000000000000000000014495002893442	1.35680711802536	0.237	0.103	0.000000000000000000000000000000000000000000000000000000000000000000000000000000000000000000000000000000000000000000000000000689962137727839	6	PRDM1
0.0000000000000000000000000000000000000000000000000000000000000000000000000000000000000000000000000000000000000000000000000000000000000000000000000000000000000000000000000000000000000000000000000000000000000000000000000000000000000000000000000000000000000000000000000000000276720186079895	1.28971595284514	0.46	0.208	0.000000000000000000000000000000000000000000000000000000000000000000000000000000000000000000000000000000000000000000000000000000000000000000000000000000000000000000000000000000000000000000000000000000000000000000000000000000000000000000000000000000000000000000000000000013171880857403	6	IGFBP2
0.0000000000000000000000000000000000000000000000000000000000000000000000000000000000000000000000000000000000000000000000000000000000000000000000000341593654648816	1.21574232848752	0.342	0.172	0.0000000000000000000000000000000000000000000000000000000000000000000000000000000000000000000000000000000000000000000000000000000000000000000000162598579612836	6	ITGA4
0.0000000000000000000000000000000000000000000000000000000000000000000000000000000000000000000000000223840145430098	1.19153896030133	0.292	0.16	0.0000000000000000000000000000000000000000000000000000000000000000000000000000000000000000000000106547909224727	6	JAK1
0	3.29635521269581	0.902	0.101	0	32	CD8A
0	3.19695179133468	0.792	0.072	0	32	NKG7
0	3.17247694523709	0.735	0.064	0	32	PRF1
0	3.16028876193295	0.919	0.118	0	32	CCL5
0	3.1345439207065	0.811	0.094	0	32	GZMK
0	3.12603172961206	0.871	0.095	0	32	GZMA
0	3.01459009781614	0.909	0.115	0	32	CD2
0	3.0073357013081	0.929	0.124	0	32	TRAC
0	2.94082046059544	0.449	0.038	0	32	CD27
0	2.9071457031801	0.558	0.066	0	32	LAG3
0	2.9055989191576	0.856	0.096	0	32	CD3E
0	2.88254555987552	0.472	0.05	0	32	GZMB
0	2.87076014998847	0.782	0.082	0	32	CD3D
0	2.71642923560833	0.725	0.13	0	32	CCL4
0	2.62831305417217	0.554	0.056	0	32	CD247
0	2.33936140847538	0.279	0.036	0	32	DUSP2
0	2.18572609907399	0.453	0.07	0	32	SLAMF7
0	2.15601359427656	0.305	0.049	0	32	TOX
0	2.14254015639871	0.271	0.05	0	32	TNFRSF9
0	2.02066006111742	0.305	0.062	0	32	ITGAE
0	2.00414171108528	0.456	0.102	0	32	PRDM1
0	1.95252440067208	0.611	0.213	0	32	HAVCR2
0	1.86681215155262	0.64	0.169	0	32	CXCR4
0	1.80795527285565	0.599	0.171	0	32	ITGA4
0	1.69774436934993	0.911	0.369	0	32	PTPRC
0.00000000000000000000000000000000000000000000000000000000000000000000000000000000000000000000000000000000000000000000000000000000000000000000000000000000000000000000000000000000386793721209152	1.6699060168436	0.276	0.086	0.00000000000000000000000000000000000000000000000000000000000000000000000000000000000000000000000000000000000000000000000000000000000000000000000000000000000000000000000000000184113811295557	32	PLCG2
0.0000000000000000000000000000000000000000000000000000000000000000000000000000000000000000000000000000000000000000000000000000000000000000000000000000000000000000000000000000000000000000000000000000000000000000000000000000000000258724994823247	1.54928281795907	0.351	0.108	0.0000000000000000000000000000000000000000000000000000000000000000000000000000000000000000000000000000000000000000000000000000000000000000000000000000000000000000000000000000000000000000000000000000000000000000000000000000000123153097535865	32	VCAM1
0	1.42117670316794	0.4	0.109	0	32	CYTIP
0.0000000000000000000000000000000000000000000000000000000000000000000000000000000000000000000000000000000000000000000000000000000000000000000000000000000000000000033575633467149	1.42043404048777	0.271	0.086	0.00000000000000000000000000000000000000000000000000000000000000000000000000000000000000000000000000000000000000000000000000000000000000000000000000000000000000159820015303629	32	CD69
0.0000000000000000000000000000000000000000000000000000000000000000000000000000000000000000000000000000000000000000000000000000000000000000000000000000000000000000000000000000000000000000000000000000000000000000000593988617352862	1.33496950811042	0.25	0.062	0.0000000000000000000000000000000000000000000000000000000000000000000000000000000000000000000000000000000000000000000000000000000000000000000000000000000000000000000000000000000000000000000000000000000000000000282738581859962	32	CTLA4
0	3.20966877154995	0.483	0.058	0	0	MRC1
0	2.52607027222412	0.414	0.08	0	0	IL2RA
0	2.34181174810207	0.52	0.101	0	0	CXCL9
0	1.87461545464173	0.255	0.049	0	0	HLA-DQB2
0	1.85610124712838	0.973	0.458	0	0	HLA-DRA
0	1.84934571830788	0.656	0.253	0	0	CD163
0	1.80711320384904	0.595	0.207	0	0	HLA-DPB1
0	1.80388809028739	0.464	0.122	0	0	COL1A1
0	1.55191311274938	0.407	0.138	0	0	CXCL10
0	1.52595700238935	0.508	0.2	0	0	FGL2
0.00000000000000000000000000000000000000000000000000000000000000000000000000000000000000000000000000000000000000000000000000000000000000000000000000000000000000000000000000000000000000000000000000000000000000149470492036491	1.51516419595134	0.349	0.149	0.000000000000000000000000000000000000000000000000000000000000000000000000000000000000000000000000000000000000000000000000000000000000000000000000000000000000000000000000000000000000000000000000000000000000711479542093698	0	TIMP1
0	1.48383223485094	0.512	0.223	0	0	VSIG4
0	1.45758699370938	0.994	0.54	0	0	CD74
0.00000000000000000000000000000000000000000000000000000000000000000000000000000000000000000000000000000000000000000000000000000000000000000000000000000000000000000000000000000000000000000000000000000000000000000000000000000000000000000000000000000000000000000000000000000000000000201269527035708	1.33962145582991	0.352	0.126	0.000000000000000000000000000000000000000000000000000000000000000000000000000000000000000000000000000000000000000000000000000000000000000000000000000000000000000000000000000000000000000000000000000000000000000000000000000000000000000000000000000000000000000000000000000000000000958042948689968	0	MPEG1
0	1.30218496934977	0.751	0.327	0	0	C1QA
0	1.18355214896385	0.844	0.436	0	0	CTSB
0.000000000000000000000000000000000000000000000000000000000000000000000000000000000000000000000000000000000000000000000000000000000000000000000000000000951420393888697	1.17485070862537	0.321	0.15	0.00000000000000000000000000000000000000000000000000000000000000000000000000000000000000000000000000000000000000000000000000000000000000000000000000045287610749102	0	ICAM1
0.00000000000000000000000000000000000000000000000000000000000000000000000000000000000000000000000000000000000000000000000000000000000000000000000000000000000000000234318724085418	1.16511434651629	0.368	0.182	0.00000000000000000000000000000000000000000000000000000000000000000000000000000000000000000000000000000000000000000000000000000000000000000000000000000000000000111535712664659	0	CD4
0.0000000000000000000000000000000000000000000000000000000000000000000000000000000000000000000000000000000000000000000000000000000000000000000000000000000000000199429082177909	1.09004718588554	0.408	0.212	0.00000000000000000000000000000000000000000000000000000000000000000000000000000000000000000000000000000000000000000000000000000000000000000000000000000000000949282431166846	0	MS4A4A
0.0000000000000000000000000000000000000000000000000000000000000000000000000000000000000000000000000000000000000000000000000000000000000000000000000000000000000000000000000000000000000000000000000000000000000000000000000000777166422696475	1.07800679878609	0.52	0.266	0.0000000000000000000000000000000000000000000000000000000000000000000000000000000000000000000000000000000000000000000000000000000000000000000000000000000000000000000000000000000000000000000000000000000000000000000000000369931217203522	0	MS4A6A
0.000000000000000000000000000000000000000000000000000000000000000000000000000000000000000000000000000000000000000000000000000000000000000000000000000000000000000000000000000000000000000000000000215178531300065	1.02884250762479	0.479	0.251	0.000000000000000000000000000000000000000000000000000000000000000000000000000000000000000000000000000000000000000000000000000000000000000000000000000000000000000000000000000000000000000000000102424980898831	0	AIF1
0	1.00281565198414	0.901	0.426	0	0	C1QB
0.000000000000000000000000000000000000000000000000000000000000000000000000000000000000000000000000000000000000000000000000000000000000000000000000000000000000000000000000000000000000000000000000000000000000000241110899540248	0.999663517618028	0.519	0.268	0.000000000000000000000000000000000000000000000000000000000000000000000000000000000000000000000000000000000000000000000000000000000000000000000000000000000000000000000000000000000000000000000000000000000000114768788181158	0	FN1
0.00000000000000000000000000000000000000000000000000000000000000000000000000000000000000000000000000000000000000000000000000000000000000000000000000000000000000000000000000000000000000000000000000000000000000000000000000000000000000000000000000000000000000000000000000000000000000000000374982356185652	0.881215302335112	0.725	0.408	0.0000000000000000000000000000000000000000000000000000000000000000000000000000000000000000000000000000000000000000000000000000000000000000000000000000000000000000000000000000000000000000000000000000000000000000000000000000000000000000000000000000000000000000000000000000000000000000017849160154437	0	CD63
0.00000000000000000000000000000000000000000000000000000000000000000000000000000000000000000000774974463264791	0.8801083250682	0.241	0.117	0.0000000000000000000000000000000000000000000000000000000000000000000000000000000000000000036888784451404	0	KCNMA1
0.000000000000000000000000000000000000000000000000000444071340717493	0.798270133394279	0.216	0.124	0.000000000000000000000000000000000000000000000000211377958181527	0	IRF8
0.0000000000000000000000000000000000000000000000000000000000000000000000000000000000000000000000000000000000000000000000000000000000000000000000000000000000000000000000447220002950984	0.711898075486927	0.557	0.294	0.0000000000000000000000000000000000000000000000000000000000000000000000000000000000000000000000000000000000000000000000000000000000000000000000000000000000000000000212876721404668	0	C1QC
0.00000000000000000000000000000000000000000000199195451357358	0.64600180914567	0.247	0.155	0.000000000000000000000000000000000000000000948170348461026	0	NRP1
0.000000000000000000000000000000000000000000000000000000000000000000000000000000000000000687298390881907	0.625765700408786	0.238	0.114	0.000000000000000000000000000000000000000000000000000000000000000000000000000000000000327154034059788	0	SLC26A2
0.0000000000000000000000000000000000000000000000000000000000000000000000000000000000000000000000000000000550630668599671	0.610063395344468	0.438	0.266	0.0000000000000000000000000000000000000000000000000000000000000000000000000000000000000000000000000000262100198253444	0	ITGB1
0.0000000000000000000000000000000000000000000000000000000000000000000000000000000000920092960300898	2.47334942192674	0.27	0.141	0.0000000000000000000000000000000000000000000000000000000000000000000000000000000437964249103227	21	CXCL10
0.000000000000000000000000000000000000000000268600891995905	2.44710236607925	0.2	0.115	0.000000000000000000000000000000000000000127854024590051	21	SLC26A2
0.00000000000000000000000000000000000000000000000000000000000000000000176452343183565	2.3623863290693	0.219	0.107	0.000000000000000000000000000000000000000000000000000000000000000000839913153553768	21	CXCL9
0.0000000000000000000000000000000794140199073825	1.61914363158775	0.208	0.132	0.000000000000000000000000000037801073475914	21	TRAC
0.0000000000000000000000000000000000000000000000000000000000000000000000000292239306854777	1.26916832039865	0.473	0.344	0.0000000000000000000000000000000000000000000000000000000000000000000000139105910062874	21	CDK4
0.0000000000000000000000000000000000000000000000000000000000000000000000000000000000000000000000000000000000000000000000000000000000000000000000000000000000000000000000000000000030906321524952	1.13222403773047	0.74	0.51	0.00000000000000000000000000000000000000000000000000000000000000000000000000000000000000000000000000000000000000000000000000000000000000000000000000000000000000000000000000000147114090458771	21	MDM2
0.00000000000000000526524983688192	0.91887232164846	0.117	0.228	0.00000000000000250625892235579	21	P4HB
0.0000000000000000000000000990442803620319	0.804717978443581	0.126	0.267	0.0000000000000000000000471450774523272	21	STAT3
0.0000000000000000000000000001516260568266	0.609063704766841	0.092	0.219	0.0000000000000000000000000721740030494616	21	HAVCR2
0.00000000000000000000000000000000000000000000000000000000000000000000000405595592276204	-0.544167038220556	0.182	0.446	0.00000000000000000000000000000000000000000000000000000000000000000000193063501923473	21	CTSB
0.0000000000000000000000000000000000000000000000000000000000000000000000843324691647033	-0.581784700571268	0.061	0.26	0.0000000000000000000000000000000000000000000000000000000000000000000401422553223988	21	SOX2
0.000000000000000000000000000000000000000000000000000000000000000000000000000000776192427551355	-0.602665951605021	0.074	0.299	0.000000000000000000000000000000000000000000000000000000000000000000000000000369467595514445	21	TGFBI
0.00000000000000000000000000000000000000000000000000000000000000000000171310026352623	-0.614800032181895	0.35	0.669	0.000000000000000000000000000000000000000000000000000000000000000000815435725438485	21	GAPDH
0.000000000000000000000000000000000000000000000000000000000000000000000000000000000000526720310070439	-0.635390395343486	0.061	0.287	0.000000000000000000000000000000000000000000000000000000000000000000000000000000000250718867593529	21	CD44
0.0000000000000000000000000000000000000000000000000000000000000000000000000000000079289101489526	-0.64268841925997	0.049	0.258	0.00000000000000000000000000000000000000000000000000000000000000000000000000000377416123090144	21	AIF1
0.00000000000000000000000000000000000000000000000000000000000000000000000000000000140142384983845	-0.684457752093345	0.069	0.292	0.000000000000000000000000000000000000000000000000000000000000000000000000000000667077752523103	21	PTN
0.0000000000000000000000000000000000000000000000000000000000000000000000000000825404872824368	-0.790378124537806	0.056	0.263	0.0000000000000000000000000000000000000000000000000000000000000000000000000392892719464399	21	CD163
0.00000000000000000000000000000000000000000000000000000000000000000108649528682657	-0.844148519945919	0.036	0.208	0.000000000000000000000000000000000000000000000000000000000000000517171756529447	21	FGL2
0.000000000000000000000000000000000000000000000000000000000000000000000000000000410565468649494	-0.861686058249287	0.04	0.24	0.000000000000000000000000000000000000000000000000000000000000000000000000000195429163077159	21	HIF1A
0.0000000000000000000000000000000000000000000000000000000000000000000000000108398512379195	-0.864887873878144	0.033	0.218	0.00000000000000000000000000000000000000000000000000000000000000000000000515976918924968	21	TGFBR1
0.0000000000000000000000000000000000000000000000000000000000000000000000000000000000000000000883141274578124	-1.05475801276733	0.062	0.299	0.0000000000000000000000000000000000000000000000000000000000000000000000000000000000000000420375246699187	21	MX1
0.0000000000000000000000000000000000000000000000000000000000000000000000000000000000000000380506751484666	-1.1184693642536	0.037	0.251	0.0000000000000000000000000000000000000000000000000000000000000000000000000000000000000181121213706701	21	FCGR1A
0.000000000000000000000000000000000000000000000000000000000000000000000000000297567802813717	-1.21841534231058	0.025	0.206	0.000000000000000000000000000000000000000000000000000000000000000000000000141642274139329	21	IFNGR1
0.00000000000000000000000000000000000000000000000000000000000000000000000000000000000000000000000000000000000314562265660511	-1.21937550452804	0.068	0.337	0.00000000000000000000000000000000000000000000000000000000000000000000000000000000000000000000000000000000149731638454403	21	C1QA
0.0000000000000000000000000000000000000000000000000000000000000000000000000000000119367154028029	-1.41219299925784	0.027	0.217	0.00000000000000000000000000000000000000000000000000000000000000000000000000000568187653173419	21	MS4A4A
0.000000000000000000000000000000000000000000000000000000000000000000000000000000000000000000000000000000000000000000000000000400441547500107	-1.462800071354	0.139	0.438	0.000000000000000000000000000000000000000000000000000000000000000000000000000000000000000000000000000000000000000000000000190610176610051	21	C1QB
0.0000000000000000000000000000000000000000000000000000000000000000000000000000000000000000000000000000000000000186072916225365	-1.67546481828141	0.046	0.301	0.00000000000000000000000000000000000000000000000000000000000000000000000000000000000000000000000000000000000885707081232737	21	GFAP
0.0000000000000000000000000000000000000000000000000000000000000000000000000000000000000000000000000000000000000000125069752979852	-1.80303197185775	0.027	0.274	0.00000000000000000000000000000000000000000000000000000000000000000000000000000000000000000000000000000000000000595332024184093	21	MS4A6A
0.0000000000000000000000000000000000000000000000000000000000000000000000000000000000000000000000000000000000000000000000136134571916036	-1.81156770410725	0.027	0.284	0.00000000000000000000000000000000000000000000000000000000000000000000000000000000000000000000000000000000000000000000648000562320331	21	FCGR3A
0.0000000000000000000000000000000000000000000000000000000000000000000000000000000000000000001311011621053	-1.82750183053324	0.023	0.231	0.0000000000000000000000000000000000000000000000000000000000000000000000000000000000000000624041531621227	21	VSIG4
0	4.28237990269651	0.616	0.058	0	26	GATA2
0	3.79596469383896	0.673	0.11	0	26	SLC26A2
0	3.57743727150345	0.272	0.034	0	26	SOX18
0	3.18541539541146	0.284	0.044	0	26	ALDH1A3
0.00000000000000000000000000000000000000000000000000000000000000000000000000000000000000000000000000000000000000000000000000000000000000000000000000000000000000000000000000000000000000000000000000000000000000000000000000000608380410062973	2.50954552694978	0.317	0.103	0.00000000000000000000000000000000000000000000000000000000000000000000000000000000000000000000000000000000000000000000000000000000000000000000000000000000000000000000000000000000000000000000000000000000000000000000000000289589075189975	26	TCIM
0	2.4550245020871	0.911	0.339	0	26	CDK4
0	2.22147939828574	0.984	0.508	0	26	MDM2
0	1.92717590985259	0.774	0.36	0	26	VEGFA
0.0000000000000000000000000000000000000000000000000000000000000000000000000000000000000000000000000000000000000000000000000000000000000000000000000000000000000000000000000000000000000000000000000000000000000000000000000000000000000000000000000000000000000000000000000000000000000000000000000000000000352088977516996	1.74474054678102	0.262	0.056	0.000000000000000000000000000000000000000000000000000000000000000000000000000000000000000000000000000000000000000000000000000000000000000000000000000000000000000000000000000000000000000000000000000000000000000000000000000000000000000000000000000000000000000000000000000000000000000000000000000000016759435329809	26	KIT
0.0000000000000000000000000000000000000000000000000000000000000000000000000000000000142543897317705	1.53438663953035	0.37	0.225	0.00000000000000000000000000000000000000000000000000000000000000000000000000000000678508951232277	26	P4HB
0.00000000000000000000000000000000000000000000000000000000000000248084055294153	1.4579474508778	0.345	0.22	0.00000000000000000000000000000000000000000000000000000000000118088010320017	26	CD47
0.00000000000000000000000000000000000000000161715026293593	1.39308820193738	0.243	0.141	0.000000000000000000000000000000000000000769763525157502	26	CXCL10
0.00000000000000000000000000000000000000000000000000000000000000000000000000000000000000000000000000000000000000000000000000000000000000000000000000000012624024199572	1.38355692219349	0.206	0.058	0.0000000000000000000000000000000000000000000000000000000000000000000000000000000000000000000000000000000000000000000000000000000000000000000000000000600903551899629	26	MS4A2
0.000000000000000000000000000000000000000000000193704646334852	1.19825417095029	0.365	0.264	0.0000000000000000000000000000000000000000000922034116553894	26	STAT3
0.000000000000000000000000155548017060116	1.07304735398347	0.267	0.19	0.0000000000000000000000740408561206154	26	PCNA
0.00000000000000000000000000000000000000103227608846703	0.987846914420974	0.43	0.343	0.000000000000000000000000000000000000491363418110307	26	ENO1
0.0020313984638128	0.770543033866019	0.204	0.195	0.966945668774892	26	PDPN
0.0000000471773757723671	0.741217213551003	0.248	0.218	0.0000224564308676467	26	DST
0.000000402055290670734	0.683314827117578	0.311	0.296	0.000191378318359269	26	PGK1
0.0000000000000000000000000627248904146121	0.570959554934578	0.479	0.412	0.0000000000000000000000298570478373554	26	CD63
0.00000000000000000000000000647418341687395	-0.553821596247179	0.117	0.239	0.000000000000000000000003081711306432	26	HIF1A
0.000000158537270434786	-0.677808239937724	0.228	0.275	0.000075463740726958	26	LYZ
0.00000000000000000000000000000000000000000985065360143173	-0.760535707479584	0.069	0.205	0.0000000000000000000000000000000000000046889111142815	26	IFNGR1
0.0000000000000000000000000000000000000000000000000000233405325104559	-0.788750369185178	0.543	0.687	0.000000000000000000000000000000000000000000000000011110093474977	26	IFI6
0.0000000000000000000000000952919471548087	-0.826763572717873	0.335	0.444	0.0000000000000000000000453589668456889	26	CTSB
0.0000000000000000000000086118017175196	-1.04116199851969	0.163	0.273	0.00000000000000000000409921761753933	26	FN1
0.0000000000000000000000000000000000000000000000000000000000000120733335539691	-1.71642123825875	0.043	0.208	0.00000000000000000000000000000000000000000000000000000000000574690677168928	26	FGL2
0.000000000000000000000000000000000000000000000000000000000000000000000898892050856087	-1.74570972648594	0.04	0.216	0.000000000000000000000000000000000000000000000000000000000000000000427872616207497	26	HLA-DPB1
0.0000000000000000000000000000000000000000000000000000000000000000000000000000000000000000581681274046278	-1.77327276940549	0.065	0.287	0.0000000000000000000000000000000000000000000000000000000000000000000000000000000000000276880286446028	26	CD44
0.000000000000000000000000000000000000000000000000000000000000000000000000000457129213717748	-1.78765022364001	0.094	0.299	0.000000000000000000000000000000000000000000000000000000000000000000000000217593505729648	26	MX1
0	2.38211003958626	0.994	0.252	0	24	THAP2
0	2.17501653413992	0.237	0.037	0	24	LGR5
0	1.91429824309364	0.878	0.238	0	24	LYZ
0	1.87537418601384	0.995	0.484	0	24	MDM2
0	1.80446628341075	0.933	0.309	0	24	CDK4
0	1.67348039059115	0.231	0.05	0	24	GYPA
0	1.56749691555231	0.273	0.068	0	24	CFHR3
0	1.54790136199386	0.235	0.06	0	24	OGN
0	1.53646643142973	0.235	0.064	0	24	SEMA3C
0	1.5208893757844	0.393	0.105	0	24	AMY2A
0	1.50903487979691	0.214	0.054	0	24	ADGRL4
0	1.23401579663115	0.249	0.089	0	24	PDK4
0	1.20997436970365	0.202	0.072	0	24	TFPI
0	1.04221250335492	0.288	0.097	0	24	MADCAM1
0.0000000000000000000000000000000000000000000000000000000000000000000000000000000000000000000000000000000000000000000000000000000000000000000000000000000000000000000000000000000000000000000000000000000000000000000000000000000000000000000000000000000000817055612003352	0.968495167670252	0.252	0.133	0.0000000000000000000000000000000000000000000000000000000000000000000000000000000000000000000000000000000000000000000000000000000000000000000000000000000000000000000000000000000000000000000000000000000000000000000000000000000000000000000000000000000388918471313596	24	LILRB2
0.000000000000000000000000000000000000000000000000000000000000000000000000000000000000000000000000000000000000000000000000000000000000000000000000000000000000000000000000000000000000000000000000000000000000000000000000000000000000000349681815099948	0.958523028108973	0.218	0.11	0.000000000000000000000000000000000000000000000000000000000000000000000000000000000000000000000000000000000000000000000000000000000000000000000000000000000000000000000000000000000000000000000000000000000000000000000000000000000000166448543987575	24	IGF1
0	0.855465667560568	0.214	0.089	0	24	STAT4
0.000000000000000000000000000000000000000000000000000000000000000000000000000000000000000000000000000000000000000000000000000000000000000000000000000000000000000000000000000000000000000000000000000000000000000000000000000000000000000000000000000000000000000000000000000000000000000000000000000000137490673763183	0.723221199288323	0.21	0.089	0.0000000000000000000000000000000000000000000000000000000000000000000000000000000000000000000000000000000000000000000000000000000000000000000000000000000000000000000000000000000000000000000000000000000000000000000000000000000000000000000000000000000000000000000000000000000000000000000000000000654455607112752	24	RTKN2
0.00000000000000000000000000000000000000055304578324532	-0.502514246626358	0.143	0.21	0.000000000000000000000000000000000000263249792824772	24	FGL2
0.000000000000000000000000000000000000000000000000000000000000000460444997816635	-0.549697925078407	0.163	0.254	0.000000000000000000000000000000000000000000000000000000000000219171818960718	24	FCGR1A
0.0000000000000000000000000000000000000000000000000000000000114686824898962	-0.551594250663249	0.143	0.227	0.00000000000000000000000000000000000000000000000000000000545909286519057	24	CD47
0.000000000000000000000000000000000000000000000000000373073693756973	-0.80394445916416	0.188	0.262	0.000000000000000000000000000000000000000000000000177583078228319	24	SOX2
0.000000000000000000000000000000000000000000000000000000000000000000000000000000000000000000000000000000000000000000000000000000000000354547335585351	-0.887858770460891	0.104	0.222	0.000000000000000000000000000000000000000000000000000000000000000000000000000000000000000000000000000000000000000000000000000000000168764531738627	24	TGFBR1
0.0000000000000000000000000000000000000000000000000000000000000000909952791033708	-0.942248850085002	0.214	0.294	0.0000000000000000000000000000000000000000000000000000000000000433137528532045	24	PTN
0.00000000000000000000000000000000000000000000000000000000000000000000000000000000000000000000000000000645692109280418	-0.955267289923736	0.105	0.203	0.00000000000000000000000000000000000000000000000000000000000000000000000000000000000000000000000000307349444017479	24	SERPINB9
0.0000000000000000000000000000000000000000000000000000000000000000000000000000000000000000000000000000000000000000000000000000000000000000000344624705129947	-0.996579692209323	0.102	0.222	0.0000000000000000000000000000000000000000000000000000000000000000000000000000000000000000000000000000000000000000000000000000000000000000164041359641855	24	MS4A4A
0.00000000000000000000000000000000000000000000000000000000000000000000000000000000000000000000000000000000000000000000000000000000000000000000492826906550059	-1.02539567665399	0.151	0.278	0.00000000000000000000000000000000000000000000000000000000000000000000000000000000000000000000000000000000000000000000000000000000000000000234585607517828	24	MS4A6A
0.0000000000000000000000000000000000000000000000000000000000000000000000000000000000000000000000000000000000000000000000000000000000000000000000000000000000000000000000000000000000000000000000000000000000000105838684072032	-1.16398526944421	0.195	0.36	0.00000000000000000000000000000000000000000000000000000000000000000000000000000000000000000000000000000000000000000000000000000000000000000000000000000000000000000000000000000000000000000000000000000000000503792136182875	24	LDHA
0.000000000000000000000000000000000000000000000000000000000000000000000000000000000000000000000000000000000000000000000000000000000000000000000000000000000000000000000000000000422459620113079	-1.20064428800393	0.149	0.292	0.000000000000000000000000000000000000000000000000000000000000000000000000000000000000000000000000000000000000000000000000000000000000000000000000000000000000000000000000000201090779173826	24	CD44
0.0000000000000000000000000000000000000000000000000000000000000000000000000000000000000000000000000000000000000000000000000000000000000000000000000000000000000000000000000000762425763691085	-1.3225881056337	0.076	0.201	0.0000000000000000000000000000000000000000000000000000000000000000000000000000000000000000000000000000000000000000000000000000000000000000000000000000000000000000000000000362914663516956	24	RHOB
0	2.64617481097032	0.949	0.229	0	16	THAP2
0	2.06496919816647	0.688	0.234	0	16	LYZ
0	2.01479989853975	0.967	0.468	0	16	MDM2
0	1.79834600683442	0.767	0.303	0	16	CDK4
0	1.75443889877045	0.245	0.109	0	16	AMY2A
0.00000000000000000000000000000000000000000000000000000000000000000000000000000000000000000000000000000000000000000000000000000000000000000000000000000000000000000000000000000000000000000000000000000000000000000000000000000000000000000000000000000000000000000000000000000000000000000119867758723716	-0.535382044473199	0.078	0.219	0.000000000000000000000000000000000000000000000000000000000000000000000000000000000000000000000000000000000000000000000000000000000000000000000000000000000000000000000000000000000000000000000000000000000000000000000000000000000000000000000000000000000000000000000000000000000000000570570531524886	16	FGL2
0	-0.569231351861052	0.092	0.264	0	16	FCGR1A
0.000000000000000000000000000000000000000000000000000000000000000000000000000000000000000000000000000000000000000000000000000000000000000000000000000000000000000000000000000000000000000000000000000000000000000000000000000000000000000000000000000000000000000000000000000000000000000000000000000000331337173989495	-0.589274631054129	0.069	0.208	0.000000000000000000000000000000000000000000000000000000000000000000000000000000000000000000000000000000000000000000000000000000000000000000000000000000000000000000000000000000000000000000000000000000000000000000000000000000000000000000000000000000000000000000000000000000000000000000000000000157716494818999	16	PDPN
0	-0.723301388052299	0.073	0.237	0	16	CD47
0.00000000000000000000000000000000000000000000000000000000000000000000000000000000000000000000000000000000000000000000000000000000000000000000000000000000000000000000000000000000000000000000000000000000000000000000000000000000000000000000000000000000000000000000000000000000000000000000000000000278656847378829	-0.761746464045314	0.114	0.272	0.00000000000000000000000000000000000000000000000000000000000000000000000000000000000000000000000000000000000000000000000000000000000000000000000000000000000000000000000000000000000000000000000000000000000000000000000000000000000000000000000000000000000000000000000000000000000000000000000000132640659352323	16	SOX2
0	-0.936439638378434	0.127	0.306	0	16	PTN
0	-0.942533770837474	0.054	0.2	0	16	ACTG2
0	-0.953721293682077	0.06	0.231	0	16	MS4A4A
0	-0.960757062044453	0.09	0.289	0	16	MS4A6A
0	-1.00196810049882	0.054	0.232	0	16	TGFBR1
0	-1.04960884110384	0.055	0.211	0	16	SERPINB9
0	-1.11494416829652	0.116	0.374	0	16	LDHA
0	-1.16467631823084	0.046	0.208	0	16	RHOB
0	-1.27528098499538	0.081	0.304	0	16	CD44
0	-1.41015570312403	0.032	0.203	0	16	TYROBP
0	-1.47223091400412	0.033	0.2	0	16	CD4
0	-1.49686438581507	0.105	0.318	0	16	GFAP
0	-1.52490291968363	0.042	0.235	0	16	HAVCR2
0	-1.52674723826133	0.069	0.319	0	16	PGK1
0	-1.64748457888297	0.045	0.256	0	16	HIF1A
0	-1.65225735838059	0.052	0.287	0	16	STAT3
0	-1.71997750186509	0.03	0.21	0	16	TGFB1
0	-1.84713555263597	0.08	0.291	0	16	FN1
0	-1.85330339365806	0.038	0.201	0	16	VCAN
0	-1.87435010259903	0.069	0.371	0	16	ENO1
0	2.27387924205786	0.304	0.078	0	7	RTKN2
0	2.18338055476949	0.346	0.087	0	7	MADCAM1
0	1.66632661043451	0.295	0.106	0	7	AMY2A
0	1.53600302521882	0.927	0.664	0	7	IFI6
0.000000000000000000000000000000000000000000000000000000000000000000000000000000000000000000000000000000000000000000000000000000000000000000000000000000000000000000000000000000000000000000000000000288966586187941	-0.581828486851564	0.204	0.364	0.00000000000000000000000000000000000000000000000000000000000000000000000000000000000000000000000000000000000000000000000000000000000000000000000000000000000000000000000000000000000000000000000013754809502546	7	LDHA
0.000000000000000000000000000000000000000000000000000000000000000000000000000000000000000000000000000000000000000000000000000000000000000000000000000000000000000000000000000000000000000000000000000000000000000000000000000000000000000000000655242809378376	-0.639086467955446	0.104	0.249	0.000000000000000000000000000000000000000000000000000000000000000000000000000000000000000000000000000000000000000000000000000000000000000000000000000000000000000000000000000000000000000000000000000000000000000000000000000000000000000000311895577264107	7	HIF1A
0.00000000000000000000000000000000000000000000000000000000000000000000000000000000000000000000000000000000000000000000000000000000000000000000000000000000000000000000000000000000000225880343483918	-0.681633469642452	0.583	0.672	0.00000000000000000000000000000000000000000000000000000000000000000000000000000000000000000000000000000000000000000000000000000000000000000000000000000000000000000000000000000000107519043498345	7	GAPDH
0.000000000000000000000000000000000000000000000000000000000000000000000000000000000000000000000000000000000000000000000000000000000000000000000000000000000000000000000000000000000000000000000000000000000000000000000000000000000000922118999570625	-0.68525301649604	0.145	0.296	0.000000000000000000000000000000000000000000000000000000000000000000000000000000000000000000000000000000000000000000000000000000000000000000000000000000000000000000000000000000000000000000000000000000000000000000000000000000000438928643795618	7	CD44
0.0000000000000000000000000000000000000000000000000000000000000000000000000000000000000000000000000000649511876329472	-0.708089903711683	0.206	0.307	0.0000000000000000000000000000000000000000000000000000000000000000000000000000000000000000000000000309167653132829	7	GFAP
0.00000000000000000000000000000000000000000000000000000000000000000000000000000000000000000000000000000000000000000000000000000000000000000000000000000000000000000000291444354950843	-0.731118371067027	0.173	0.3	0.00000000000000000000000000000000000000000000000000000000000000000000000000000000000000000000000000000000000000000000000000000000000000000000000000000000000000000138727512956601	7	PTN
0.0000000000000000000000000000000000000000000000000000000000000000000000000000000000000000000000000000000000000000000000000000000000000000000000000000000000000000000000000000000000000000000000000000000000000000000000000000000000000000000000000197148747442073	-0.753104950517315	0.128	0.282	0.00000000000000000000000000000000000000000000000000000000000000000000000000000000000000000000000000000000000000000000000000000000000000000000000000000000000000000000000000000000000000000000000000000000000000000000000000000000000000000000000938428037824268	7	ITGB1
0	-0.876367132142171	0.107	0.28	0	7	STAT3
0	-0.884616388170754	0.13	0.311	0	7	PGK1
0.0000000000000000000000000000000000000000000000000000000000000000000000000000000000000000000000000000000000000000000000000000000000000000000000000000000000000000000000000000000000000000000000000000000000000000000170027583632265	-1.02188205646652	0.098	0.222	0.00000000000000000000000000000000000000000000000000000000000000000000000000000000000000000000000000000000000000000000000000000000000000000000000000000000000000000000000000000000000000000000000000000000000000000809331298089581	7	IGFBP2
0	-1.05783368118485	0.058	0.205	0	7	TGFB1
0.0000000000000000000000000000000000000000000000000000000000000000000000000000000000000000000000000000000000000000000000000000000000000000000000000000000000000000000000000000000000000000000000000000000000223889489916265	-1.16514886048305	0.234	0.377	0.0000000000000000000000000000000000000000000000000000000000000000000000000000000000000000000000000000000000000000000000000000000000000000000000000000000000000000000000000000000000000000000000000000000106571397200142	7	VEGFA
0	-1.23031394822802	0.057	0.206	0	7	RHOB
0	-1.27167275797366	0.099	0.297	0	7	FCGR3A
0	-1.28464702735018	0.066	0.227	0	7	HLA-DPB1
0.000000000000000000000000000000000000000000000000000000000000000000000000000000000000000000000000000000000000000000000000000000000000000000000000000000000000000000000000000000000000000000000000000000000000159731571284705	-1.31990694462563	0.153	0.283	0.0000000000000000000000000000000000000000000000000000000000000000000000000000000000000000000000000000000000000000000000000000000000000000000000000000000000000000000000000000000000000000000000000000000000760322279315194	7	FN1
0	-1.38411669010538	0.059	0.231	0	7	HAVCR2
0	-1.49216232555409	0.144	0.437	0	7	CD63
0	-1.52174681770707	0.111	0.364	0	7	ENO1
0	-1.56559597368485	0.06	0.241	0	7	P4HB
0	-1.56779080207073	0.065	0.272	0	7	AIF1
0	-1.8346152515698	0.094	0.314	0	7	MX1
0	-1.89553487069406	0.052	0.232	0	7	ISG15
0	-1.92189533601184	0.046	0.248	0	7	CD14
0	-2.21896497847239	0.167	0.306	0	7	THAP2
0	-2.33963377090766	0.13	0.364	0	7	CDK4
0.000000000000000000000000000000000292699618266965	1.45440375014789	0.265	0.26	0.000000000000000000000000000000139325018295075	8	CD163
0	1.28162689659544	0.63	0.457	0	8	HLA-DRA
0.00000000000000000000000000000000000000000000000000562364363155003	1.2800653096834	0.259	0.229	0.00000000000000000000000000000000000000000000000267685436861781	8	RNASE1
0	1.26095969029207	0.549	0.436	0	8	CTSB
0.0000107006107648729	1.21138067884943	0.168	0.217	0.00509349072407948	8	HLA-DPB1
0	1.20863384630562	0.822	0.53	0	8	CD74
0.0000000000000000000000000000000000000000000000000000000000000000000000000000000000000000000000000000000042742999784758	1.14540185218391	0.37	0.332	0.00000000000000000000000000000000000000000000000000000000000000000000000000000000000000000000000000000203456678975448	8	C1QA
0	1.13459931567343	0.668	0.42	0	8	C1QB
0.000000000145893705530417	1.09290003057963	0.156	0.209	0.0000000694454038324783	8	FGL2
0.0000545599443050639	1.08185571336572	0.181	0.231	0.0259705334892104	8	VSIG4
0	1.0534996583638	0.544	0.383	0	8	SPP1
0.000000000000000000458329524933571	0.900981646196453	0.292	0.299	0.00000000000000021816485386838	8	C1QC
0.0000000000000000000000000000000000000342181585862459	0.880288018612432	0.139	0.22	0.0000000000000000000000000000000000162878434870531	8	MS4A4A
0.000000000000000695908964841389	0.828779614628766	0.197	0.275	0.000000000000331252667264501	8	MS4A6A
0.000000000000000000585333360406564	0.796201498682443	0.2	0.286	0.000000000000000278618679553525	8	FCGR3A
0.0000000499758520558359	0.762191378513214	0.232	0.303	0.0000237885055785779	8	GFAP
0.000000000000000569176147839817	0.637635503378012	0.219	0.301	0.000000000000270927846371753	8	TGFBI
0.00000000011609808804608	0.539100546433057	0.303	0.42	0.0000000552626899099342	8	CD63
0.000000000000000000000000000000000000000000000000000000000000000000000000000000000000047864972117566	0.517787332626125	0.13	0.244	0.0000000000000000000000000000000000000000000000000000000000000000000000000000000000227837267279614	8	HIF1A
0.0000000000000000000000000000000000000000000000000000000000000000000000000000000000997861842196586	0.506781933592642	0.626	0.667	0.0000000000000000000000000000000000000000000000000000000000000000000000000000000474982236885575	8	GAPDH
0.000000000000000000000000000000000000000000000000000000000000000000000000000000000000000000000000000000000000000000000000000000000000000000000000000000000000000000000000000000000000000000000000000000000000000000000000000000000000000000000000000000000000000000000000000000000000130583998344088	-0.610753957715671	0.063	0.232	0.0000000000000000000000000000000000000000000000000000000000000000000000000000000000000000000000000000000000000000000000000000000000000000000000000000000000000000000000000000000000000000000000000000000000000000000000000000000000000000000000000000000000000000000000000000000000621579832117857	8	CD47
0	-0.902264307133742	0.13	0.391	0	8	PTPRC
0	-2.67926057161633	0.067	0.363	0	8	CDK4
0	-2.7567702630734	0.144	0.537	0	8	MDM2
0	-4.54721013303475	0.028	0.311	0	8	THAP2
0	4.65754651064212	0.527	0.046	0	5	CPA3
0	4.21814231027176	0.6	0.056	0	5	MS4A2
0	4.0946514806312	0.489	0.042	0	5	IL1RL1
0	4.05422285478978	0.556	0.054	0	5	KIT
0	3.89919273991045	0.342	0.026	0	5	SLC18A2
0	3.86878078608029	0.321	0.057	0	5	VWA5A
0	3.79574645875792	0.243	0.034	0	5	LIF
0.000000000000000000000000000000000000000000000000000000000000000000000000000000000000000000000000000000000000000000000000000000000000000000000000232463086645531	3.12884470075981	0.212	0.05	0.000000000000000000000000000000000000000000000000000000000000000000000000000000000000000000000000000000000000000000000000000000000000000000000110652429243273	5	HPGDS
0	3.03300922739754	0.335	0.063	0	5	GATA2
0	2.98292811544581	0.475	0.125	0	5	COL1A1
0.00000000000000000000000000000000000000000000000000000000000000000000000000000000000000000000000000000000000000000000000000000000000000882038264775389	2.807165439235	0.518	0.27	0.00000000000000000000000000000000000000000000000000000000000000000000000000000000000000000000000000000000000000000000000000000000000419850214033085	5	FN1
0.000000000000000000000000000000000000000000000000000000000300649599814822	2.23572488968236	0.298	0.152	0.000000000000000000000000000000000000000000000000000000143109209511855	5	TIMP1
0.00000297591708225063	1.12650447889818	0.29	0.269	0.0014165365311513	5	ITGB1
0.0000000000000000000000000000000000000000269843338250055	1.09895314328212	0.512	0.412	0.0000000000000000000000000000000000000128445429007026	5	CD63
0.000000521713566522085	1.03615470292897	0.248	0.212	0.000248335657664513	5	IGFBP2
0.000000000000000000489530659485169	-0.506632211353012	0.162	0.297	0.000000000000000233016593914941	5	TGFBI
0.0000000000000000000000174270548367802	-0.522002551227629	0.113	0.256	0.00000000000000000000829527810230739	5	AIF1
0.00000000000000000364647153164087	-0.525641374485048	0.135	0.262	0.00000000000000173572044906106	5	CD163
0.00000000000000000000103252624198724	-0.542996528337367	0.15	0.297	0.000000000000000000491482491185924	5	PGK1
0.0000000000000000000000486646814683108	-0.571706508226979	0.521	0.666	0.0000000000000000000231643883789159	5	GAPDH
0.000000000000000000000771086625393989	-0.622169894594353	0.093	0.22	0.000000000000000000367037233687539	5	DST
0.000000000000000000000000000000000000000000000277481240188138	-0.729171111880394	0.453	0.687	0.000000000000000000000000000000000000000000132081070329553	5	IFI6
0.0000000000000000000000000000000000399040717445005	-0.858173532485342	0.119	0.297	0.0000000000000000000000000000000189943381503822	5	MX1
0.000000000000000000000117356974730361	-0.917258524881737	0.317	0.435	0.0000000000000000000558619199716516	5	C1QB
0.00000000000000000000000000000626862068570291	-0.918988690594455	0.169	0.335	0.00000000000000000000000000298386344639458	5	C1QA
0.000000000000000000000000614692930101296	-0.95231908995978	0.207	0.366	0.000000000000000000000292593834728217	5	VEGFA
0.000000000000000000000000000000000145907140371163	-1.0575424742494	0.101	0.272	0.0000000000000000000000000000000694517988166734	5	MS4A6A
0.000000000000000000000000000000000037002130073176	-1.08642304014465	0.125	0.3	0.0000000000000000000000000000000176130139148318	5	GFAP
0.00000000000000000000000000118817575348974	-1.08725249580589	0.076	0.216	0.000000000000000000000000565571658661117	5	MS4A4A
0.000000000000000000000000000000000246459763476322	-1.14391302903959	0.072	0.233	0.000000000000000000000000000000117314847414729	5	CD14
0.00000000000000000000000000000000000000000000000000000000000000000000000000000000000000000000000000000000000000000000000089415150601233	1.61798877263783	0.235	0.106	0.000000000000000000000000000000000000000000000000000000000000000000000000000000000000000000000000000000000000000000000425616116861869	20	MADCAM1
0.00000000000000000000000000000000000000000000000492235492354616	1.55926429557506	0.217	0.138	0.00000000000000000000000000000000000000000000234304094360797	20	LILRB2
0	1.37349351303517	0.759	0.286	0	20	THAP2
0.00000000000000000000000000000000000000000000000000000000000000000000000000000000000000000000000000000000000000000000000000000000000000000000000000000000000000000000000000000000000000000000000000000000000000000000000000000000000000000000000000000000000000000000000000000000000000000000000000000127123178093641	1.28750728442047	0.629	0.34	0.000000000000000000000000000000000000000000000000000000000000000000000000000000000000000000000000000000000000000000000000000000000000000000000000000000000000000000000000000000000000000000000000000000000000000000000000000000000000000000000000000000000000000000000000000000000000000000000000000605106327725733	20	CDK4
0.0000000000000000000000000000000000000000000000000000000000000000000000000000000000000000000000000000000000000000000000000000000000000000000000000000000000000000000000000000000000000000000000000000000000000000000000000000000000000000000000000000000000000000000000000000000000000000000000000000000000740511424464067	0.977169294748455	0.792	0.508	0.0000000000000000000000000000000000000000000000000000000000000000000000000000000000000000000000000000000000000000000000000000000000000000000000000000000000000000000000000000000000000000000000000000000000000000000000000000000000000000000000000000000000000000000000000000000000000000000000000000000352483438044896	20	MDM2
0.00000000000000000000000000000000000000000000000000000000000000000000000000000000000000000000000000000181145310177249	0.804524982822509	0.438	0.272	0.000000000000000000000000000000000000000000000000000000000000000000000000000000000000000000000000000862251676443706	20	LYZ
0.0000000000000000000000000000000000000000000000000000270415983494104	-0.512658338324686	0.076	0.208	0.0000000000000000000000000000000000000000000000000128718008143193	20	FGL2
0.000000000000000000000000000000000000000000000000000000443891591475552	-0.627558552571956	0.112	0.26	0.000000000000000000000000000000000000000000000000000211292397542363	20	SOX2
0.000000000000000000000000000000000000000000000000000000000000000000000000953351502023743	-0.70828299528327	0.056	0.206	0.000000000000000000000000000000000000000000000000000000000000000000000453795314963302	20	IFNGR1
0.000000000000000000000000000000000000000000000000000000000000000000000000000000000000000303112951751317	-0.805479761266189	0.14	0.354	0.000000000000000000000000000000000000000000000000000000000000000000000000000000000000144281765033627	20	LDHA
0.000000000000000000000000000000000000000000000000000000000000000000000000000795862616419722	-0.848840583593303	0.065	0.225	0.000000000000000000000000000000000000000000000000000000000000000000000000378830605415788	20	CD47
0.0000000000000000000000000000000000000000000000000000000000000000000000000000000000000000677559879132971	-0.885128760326308	0.085	0.274	0.0000000000000000000000000000000000000000000000000000000000000000000000000000000000000322518502467294	20	MS4A6A
0.0000000000000000000000000000000000000000000000000000000000000000000000000855817676640183	-0.933768294098123	0.052	0.2	0.0000000000000000000000000000000000000000000000000000000000000000000000407369214080727	20	SERPINB9
0.000000000000000000000000000000000000000000000000000000000000000000000000000000837269015910247	-0.935797183824707	0.059	0.218	0.000000000000000000000000000000000000000000000000000000000000000000000000000398540051573278	20	MS4A4A
0.000000000000000000000000000000000000000000000000000000000000000000000000000000000000366548156971298	-0.966492565705153	0.053	0.219	0.000000000000000000000000000000000000000000000000000000000000000000000000000000000174476922718338	20	TGFBR1
0.00000000000000000000000000000000000000000000000000000000000000000000000000000000000000000000000000000000000265275446931275	-1.05272564758827	0.086	0.3	0.00000000000000000000000000000000000000000000000000000000000000000000000000000000000000000000000000000000126271112739287	20	PGK1
0.00000000000000000000000000000000000000000000000000000000000000000000328948103108682	-1.08965471508984	0.131	0.301	0.00000000000000000000000000000000000000000000000000000000000000000156579297079733	20	GFAP
0.000000000000000000000000000000000000000000000000000000000000000875023278984775	-1.12570652661703	0.119	0.275	0.000000000000000000000000000000000000000000000000000000000000416511080796753	20	FN1
0.000000000000000000000000000000000000000000000000000000000000000000000000000000000000000078835454596139	-1.16430862135516	0.104	0.293	0.0000000000000000000000000000000000000000000000000000000000000000000000000000000000000375256763877622	20	PTN
0.0000000000000000000000000000000000000000000000000000000000000000000000000000000000000000000000000000000152812996545614	-1.16923843409945	0.083	0.288	0.00000000000000000000000000000000000000000000000000000000000000000000000000000000000000000000000000000727389863557122	20	CD44
0.000000000000000000000000000000000000000000000000000000000000000000000000000000000000000000000000000000000000000271678213776504	-1.23283572534234	0.063	0.269	0.000000000000000000000000000000000000000000000000000000000000000000000000000000000000000000000000000000000000129318829757616	20	STAT3
0.00000000000000000000000000000000000000000000000000000000000000000000000000000000000000000000000608834022726285	-1.30391250635291	0.046	0.22	0.00000000000000000000000000000000000000000000000000000000000000000000000000000000000000000000289804994817712	20	HAVCR2
0.000000000000000000000000000000000000000000000000000000000000000000000000000000000000000000000890842491308921	-1.32792789954123	0.054	0.229	0.000000000000000000000000000000000000000000000000000000000000000000000000000000000000000000424041025863046	20	P4HB
0.00000000000000000000000000000000000000000000000000000000000000000000000000000000000000000000000000000000000000000000000000000000000000000000000348020795838683	-1.32960830974912	0.091	0.348	0.00000000000000000000000000000000000000000000000000000000000000000000000000000000000000000000000000000000000000000000000000000000000000000000165657898819213	20	ENO1
0.000000000000000000000000000000000000000000000000000000000000000000000000000000000000000000000000000000000000000000000000000000000000000000000000000000000000000000000000000000000000000000000000000305620404650643	-1.33769939932943	0.369	0.67	0.000000000000000000000000000000000000000000000000000000000000000000000000000000000000000000000000000000000000000000000000000000000000000000000000000000000000000000000000000000000000000000000000145475312613706	20	GAPDH
0.000000000000000000000000000000000000000000000000000000000000000000000000000000000000000000000000000000000000000781351531035305	-1.41953201636671	0.046	0.241	0.000000000000000000000000000000000000000000000000000000000000000000000000000000000000000000000000000000000000371923328772805	20	HIF1A
0.0000000000000000000000000000000000000000000000000000000000000000000000000000000000000000000000146087644032076	-1.5154390960208	0.045	0.217	0.0000000000000000000000000000000000000000000000000000000000000000000000000000000000000000000069537718559268	20	HLA-DPB1
0.00000000000000000000000000000000000000000000000000000000000000000000000000000000000297738653566226	-1.57354238004506	0.055	0.215	0.00000000000000000000000000000000000000000000000000000000000000000000000000000000141723599097523	20	IGFBP2
0.000000000000000000000000000000000000000000000000000000000000000000000000000000000000000000000000000000000000000000000000000000000000000000000000000000000000000000000000000000000000000000246963903616875	-1.58064455229509	0.109	0.419	0.000000000000000000000000000000000000000000000000000000000000000000000000000000000000000000000000000000000000000000000000000000000000000000000000000000000000000000000000000000000000000117554818121632	20	CD63
0.00000000000000000000000000000000000000000000000000000000000000000000000000000000000000000000000000000000000000822853325555945	-1.59145481425014	0.143	0.369	0.0000000000000000000000000000000000000000000000000000000000000000000000000000000000000000000000000000000000039167818296463	20	VEGFA
0	3.91278366885137	0.264	0.025	0	22	LILRA4
0	3.33569438192489	0.216	0.029	0	22	IL3RA
0	2.21280391673076	0.972	0.283	0	22	THAP2
0	1.813156165613	0.748	0.266	0	22	LYZ
0	1.72113821126004	0.985	0.505	0	22	MDM2
0	1.66960065072044	0.844	0.336	0	22	CDK4
0.000000000000000000000000000000000000000000000000000000000000000000000000000000000000000000000000000000000000000000000000651132068490538	1.34124020137198	0.259	0.119	0.000000000000000000000000000000000000000000000000000000000000000000000000000000000000000000000000000000000000000000000309938864601496	22	AMY2A
0.00000000000000000000000000000000000000000000000000131979403629767	-0.570402555417147	0.089	0.224	0.000000000000000000000000000000000000000000000000628221961277689	22	CD47
0.000000000000000000000000000000000000000000000000094089403376372	-0.707664321893796	0.082	0.208	0.0000000000000000000000000000000000000000000000447865560071531	22	FGL2
0.00000000000000000000000000000000000000000000000000160670636214528	-0.843616580771662	0.145	0.292	0.000000000000000000000000000000000000000000000000764792228381156	22	PTN
0.0000000000000000000000000000000000000000000000000000040163631376339	-0.879586845773306	0.117	0.26	0.00000000000000000000000000000000000000000000000000191178885351374	22	SOX2
0.000000000000000000000000000000000000000000000000000000000000000000000000000319228184376234	-0.948491602308813	0.061	0.218	0.000000000000000000000000000000000000000000000000000000000000000000000000151952615763088	22	TGFBR1
0.0000000000000000000000000000000000000000000000000000000000000000000000149130066458339	-0.970830354521081	0.066	0.218	0.00000000000000000000000000000000000000000000000000000000000000000000709859116341695	22	MS4A4A
0.000000000000000000000000000000000000000000000000000000000000000000000000000000722313880246201	-1.02755724254044	0.097	0.274	0.000000000000000000000000000000000000000000000000000000000000000000000000000343821406997192	22	MS4A6A
0.0000000000000000000000000000000000000000000000000000000000000000000000222821538272917	-1.15772781649731	0.055	0.2	0.0000000000000000000000000000000000000000000000000000000000000000000106063052217909	22	SERPINB9
0.00000000000000000000000000000000000000000000000000000000000000000000000000000000000000000000000000000000000000000701743673092623	-1.23138176116647	0.123	0.355	0.00000000000000000000000000000000000000000000000000000000000000000000000000000000000000000000000000000000000000334029988392089	22	LDHA
0.000000000000000000000000000000000000000000000000000000000000000000000000000000000000000000000000000124057392613178	-1.32644289382987	0.088	0.287	0.0000000000000000000000000000000000000000000000000000000000000000000000000000000000000000000000000590513188838726	22	CD44
0.000000000000000000000000000000000000000000000000000000000000000000000000000000000000000000000000000000000000000000835987745128423	-1.35647464713821	0.083	0.3	0.000000000000000000000000000000000000000000000000000000000000000000000000000000000000000000000000000000000000000397930166681129	22	PGK1
0.00000000000000000000000000000000000000000000000000000000000000000000000000000000000000000000000000000000000000000330696244368768	-1.47516882200304	0.063	0.269	0.00000000000000000000000000000000000000000000000000000000000000000000000000000000000000000000000000000000000000157411412319534	22	STAT3
0.000000000000000000000000000000000000000000000000000000000000000000000000000000000000000000985928215143647	-1.4910541242585	0.112	0.302	0.000000000000000000000000000000000000000000000000000000000000000000000000000000000000000469301830408376	22	GFAP
0.00000000000000000000000000000000000000000000000000000000000000000000000000000000000000000000000000000000000000634305536650521	-1.68567395450623	0.048	0.241	0.00000000000000000000000000000000000000000000000000000000000000000000000000000000000000000000000000000000000301929435445648	22	HIF1A
0.00000000000000000000000000000000000000000000000000000000000000000000000000000000000000000000000000000474512545412372	-1.70722266774306	0.042	0.22	0.00000000000000000000000000000000000000000000000000000000000000000000000000000000000000000000000000225867971616289	22	HAVCR2
0.0000000000000000000000000000000000000000000000000000000000000000000000000000000000000000000000000000000000000000000000000000000000000000000000000000000000000000000000000156609544814123	-1.82276605564404	0.075	0.348	0.00000000000000000000000000000000000000000000000000000000000000000000000000000000000000000000000000000000000000000000000000000000000000000000000000000000000000000000000745461433315226	22	ENO1
0.00000000000000000000000000000000000000000000000000000000000000000000000000000000000000000000000000000000000000000000000000000000000000000000000000000000000000000000000000000000000000000000000000000000000000000000000000000000000000000000000000000000000000000000000000000000000000000000000000000000000000551369506817277	-1.83129542054642	0.327	0.671	0.00000000000000000000000000000000000000000000000000000000000000000000000000000000000000000000000000000000000000000000000000000000000000000000000000000000000000000000000000000000000000000000000000000000000000000000000000000000000000000000000000000000000000000000000000000000000000000000000000000000000262451885245024	22	GAPDH
0.0000000000000000000000000000000000000000000000000000000000000000000000000000000000000000000000000000000000000277406957345697	-1.86026031867016	0.042	0.23	0.0000000000000000000000000000000000000000000000000000000000000000000000000000000000000000000000000000000000132045711696552	22	P4HB
0.0000000000000000000000000000000000000000000000000000000000000000000000000000000000000000000000000000000015586939059705	-1.86887152072579	0.038	0.217	0.000000000000000000000000000000000000000000000000000000000000000000000000000000000000000000000000000000741938299241957	22	HLA-DPB1
0.00000000000000000000000000000000000000000000000000000000000000000000000000000000000000000101013191130703	-1.88081076971921	0.096	0.275	0.000000000000000000000000000000000000000000000000000000000000000000000000000000000000000480822789782146	22	FN1
0.000000000000000000000000000000000000000000000000000000000000000000000000000000000000000000000000000000000000000000000000000000000000000000511058113393927	-2.06565621876534	0.048	0.273	0.000000000000000000000000000000000000000000000000000000000000000000000000000000000000000000000000000000000000000000000000000000000000000243263661975509	22	ITGB1
0.000000000000000000000000000000000000000000000000000000000000000000000000000000000000000000000000000000000000000000000000000000000000000000000000000000018851936060563	-2.1223807492342	0.046	0.285	0.00000000000000000000000000000000000000000000000000000000000000000000000000000000000000000000000000000000000000000000000000000000000000000000000000000897352156482797	22	FCGR3A
0.0000000000000000000000000000000000000000000000000000000000000000000000000000000000000000000000000037796108487927	-2.14691355201585	0.044	0.215	0.00000000000000000000000000000000000000000000000000000000000000000000000000000000000000000000000179909476402532	22	IGFBP2
0	2.08665640622648	0.997	0.285	0	31	THAP2
0	1.88091420156285	0.389	0.044	0	31	LGR5
0	1.75877041628127	0.977	0.265	0	31	LYZ
0	1.74185469560789	0.998	0.507	0	31	MDM2
0	1.70103478926576	0.258	0.032	0	31	CFHR1
0	1.68823977630801	0.253	0.032	0	31	AGR3
0	1.68371196964608	0.411	0.056	0	31	GYPA
0	1.64145492902033	0.984	0.337	0	31	CDK4
0	1.62323823493612	0.318	0.045	0	31	TAC1
0	1.60123311364267	0.317	0.043	0	31	PGR
0	1.5905341911661	0.343	0.047	0	31	CCDC39
0	1.58466887952626	0.351	0.051	0	31	STEAP4
0	1.58437987106173	0.473	0.074	0	31	CFHR3
0	1.56592503187254	0.381	0.059	0	31	ADGRL4
0	1.551784047776	0.321	0.045	0	31	CFTR
0	1.55096825524012	0.422	0.07	0	31	SEMA3C
0	1.54809515454928	0.227	0.031	0	31	HEMGN
0	1.52392446029125	0.342	0.05	0	31	MMRN1
0	1.51391339977475	0.283	0.043	0	31	HEPACAM2
0	1.50236718994909	0.298	0.043	0	31	SERPINB3
0	1.49945178139372	0.627	0.115	0	31	AMY2A
0	1.49904155248997	0.281	0.048	0	31	MET
0	1.49669358538571	0.258	0.037	0	31	ADH1C
0	1.49438262816286	0.294	0.045	0	31	BANK1
0	1.47582403972245	0.282	0.041	0	31	RERGL
0	1.46989984091867	0.3	0.046	0	31	MS4A1
0	1.41930303481029	0.403	0.066	0	31	OGN
0	1.3806664121444	0.233	0.037	0	31	TM4SF18
0	1.36809136578538	0.236	0.036	0	31	SOX17
0	1.36431950762113	0.203	0.032	0	31	CLCA2
0	3.01165197322317	0.609	0.057	0	19	GATA2
0	2.57359356000147	0.31	0.033	0	19	SOX18
0	2.52817391120859	0.645	0.109	0	19	SLC26A2
0	2.47561566218524	0.372	0.042	0	19	ALDH1A3
0	2.30832440208448	0.989	0.337	0	19	CDK4
0	2.16796291728419	0.246	0.034	0	19	ANGPT2
0	1.84714067173349	1	0.507	0	19	MDM2
0	1.77191272264657	0.406	0.102	0	19	TCIM
0	1.7420432938583	0.22	0.041	0	19	EDN1
0	1.36810395988541	0.985	0.285	0	19	THAP2
0.00000000000000000000000000000000000000000000000000000000000000000000000000000000000000000000000000000000000000000000000000000000000000000000000000000000000000000000000000000000000000000000000000000000000000000292463060082415	1.32381744389691	0.204	0.049	0.00000000000000000000000000000000000000000000000000000000000000000000000000000000000000000000000000000000000000000000000000000000000000000000000000000000000000000000000000000000000000000000000000000000000000139212416599229	19	MET
0	1.31376495190739	0.241	0.046	0	19	LGR5
0.0000000000000000000000000000000000000000000000000000000000000000000000000000000000000000000000000000000000000000000000000000000000000000000000190699655338539	0.969196134052522	0.25	0.087	0.00000000000000000000000000000000000000000000000000000000000000000000000000000000000000000000000000000000000000000000000000000000000000000000907730359411445	19	MYC
0	0.966470159466742	0.825	0.267	0	19	LYZ
0.00000000000000000000000000000000000000000000000000000000000000000000000000000000000000000000000000000000000000000160279811396503	0.758162467428019	0.425	0.224	0.000000000000000000000000000000000000000000000000000000000000000000000000000000000000000000000000000000000000000762931902247355	19	P4HB
0.0000000000000000000000000000000000000000000000000000000000000000000000000000000000000000000000000000000000000000000000000000000000000000000000000164975565212688	0.756044963418975	0.605	0.34	0.00000000000000000000000000000000000000000000000000000000000000000000000000000000000000000000000000000000000000000000000000000000000000000000000785283690412394	19	ENO1
0.0000000000000000000000000000000000000000000000000000000000000000000000000000000000000000000000000000000000000000000000000000000000000000000000000000000000000000000000000000000000000000000000000000000000000000000000000000000000000000000000000000000000000000000000000000000000000000000000000000000000147622234322867	0.733824705253868	0.751	0.36	0.00000000000000000000000000000000000000000000000000000000000000000000000000000000000000000000000000000000000000000000000000000000000000000000000000000000000000000000000000000000000000000000000000000000000000000000000000000000000000000000000000000000000000000000000000000000000000000000000000000000702681835376848	19	VEGFA
0.000000000000000000000000000000000000000000000000000000000000000000000000000000000000000000000000000000000000000000000000000000103637558675189	0.694605834796345	0.254	0.092	0.0000000000000000000000000000000000000000000000000000000000000000000000000000000000000000000000000000000000000000000000000000493314779293899	19	IL1R1
0.0000000000000000000000000000000000000000000000000000000000000000000000000000000000000000000000000000000000000000000000000000000000000000000000000000000000000000000000000000000000000000000000000000000000000000000000000000000109109905877294	0.676946572194502	0.345	0.105	0.00000000000000000000000000000000000000000000000000000000000000000000000000000000000000000000000000000000000000000000000000000000000000000000000000000000000000000000000000000000000000000000000000000000000000000000000000000519363151975918	19	MADCAM1
0.00000000000000000000000000000000000000000000000000000000000000000000000000000000000000000000000000000000000000000000000000000000000000114913540577066	0.647126363486944	0.224	0.072	0.000000000000000000000000000000000000000000000000000000000000000000000000000000000000000000000000000000000000000000000000000000000000546988453146832	19	SEMA3C
0.00000000000000000000000000000000000000000000000000000000000000000000000000000000000000000000000000000000000000000000000000000000000000000000000000000000000000000000000000000000000000000000000000000000169962872858618	0.638306597445863	0.359	0.119	0.000000000000000000000000000000000000000000000000000000000000000000000000000000000000000000000000000000000000000000000000000000000000000000000000000000000000000000000000000000000000000000000000000000809023274807023	19	AMY2A
0.0000000000000000000000000000000000000000000000000000000000000000000000000000000000000000000000000000000000000000000000000216401166175375	0.602972473604723	0.401	0.188	0.0000000000000000000000000000000000000000000000000000000000000000000000000000000000000000000000000000000000000000000000103006955099479	19	PCNA
0.000000000000000000000000000000000000000000000000000000000000000000000000729692710481776	0.57646514973496	0.381	0.22	0.000000000000000000000000000000000000000000000000000000000000000000000347333730189325	19	CD47
0.00000000000000000000000000000000000000000000000000000000000000000000000000000000000274045428219847	0.512575452569114	0.49	0.294	0.00000000000000000000000000000000000000000000000000000000000000000000000000000000130445623832647	19	PGK1
0.00298251422537551	-0.607869500375523	0.822	0.663	1	19	GAPDH
0.000170155210754809	-0.614295604022355	0.858	0.683	0.0809938803192892	19	IFI6
0.00000162323467542559	-0.710918865306503	0.161	0.204	0.000772659705502581	19	IFNGR1
0.00000000301616647183614	-0.835458231465666	0.2	0.249	0.000001435695240594	19	FCGR1A
0.00000378987965455014	-0.879648418306339	0.274	0.296	0.00180398271556587	19	TGFBI
0.0000000137356309167297	-0.922290537835528	0.346	0.375	0.00000653816031636334	19	PTPRC
0	2.58725814880576	0.25	0.05	0	9	KIT
0	2.30824808974028	0.223	0.052	0	9	MS4A2
0.0000000000000000000000000000000000000000000000000000000000000000000000000000000000000000000000000000000000000000000000000000000000000669058914007329	2.30011021195137	0.213	0.128	0.0000000000000000000000000000000000000000000000000000000000000000000000000000000000000000000000000000000000000000000000000000000000318472043067489	9	TNC
0.000000000000000000000000000000000000000000000000000000000000000000000000000000000000000000000000000000000000000000000000000000000000000000000000000000000000000562426957320463	2.25919754583137	0.225	0.131	0.00000000000000000000000000000000000000000000000000000000000000000000000000000000000000000000000000000000000000000000000000000000000000000000000000000000000026771523168454	9	CDH2
0	2.04636518572799	0.399	0.252	0	9	SOX2
0.0000000000000000000000000000000000000000000000000000000000000000000000000000000000000000000000000000000000000000000000000000000000000000000000000000000000000000000000000000000000146363213963718	1.84285016457666	0.313	0.208	0.00000000000000000000000000000000000000000000000000000000000000000000000000000000000000000000000000000000000000000000000000000000000000000000000000000000000000000000000000000000696688898467296	9	IGFBP2
0.000000000000000000000000000000000000000000000000000000000000000000000000393975835171656	1.69672691274473	0.39	0.364	0.000000000000000000000000000000000000000000000000000000000000000000000187532497541708	9	VEGFA
0.000000000000000000000000000000000000000000000000000000000390808082644016	1.59222115788575	0.239	0.189	0.000000000000000000000000000000000000000000000000000000186024647338552	9	PCNA
0.00000000000000000000000000000000000000000000000000000000000000000000000000000000000000000000000000000000000000000000000000000000000000000000000000000000000828436009425108	1.57018971054029	0.373	0.286	0.00000000000000000000000000000000000000000000000000000000000000000000000000000000000000000000000000000000000000000000000000000000000000000000000000000000394335540486352	9	PTN
0.00000000000000000102281736036659	1.38170039438727	0.268	0.269	0.000000000000000486861063534496	9	ITGB1
0	1.37962726902156	0.745	0.661	0	9	GAPDH
0.000000000000000000000000000000000000000000000000000000000223471432385949	1.27100562649909	0.361	0.343	0.000000000000000000000000000000000000000000000000000000106372401815712	9	ENO1
0.000090223613283915	1.00160163263534	0.268	0.297	0.0429464399231435	9	PGK1
0.00000000000000000000206401575643284	0.637939167346659	0.212	0.302	0.000000000000000000982471500062031	9	GFAP
0.000000000000000000000000000000000000000000000000000000000000000000000000000000000000000000000000000000000000000000000000000000000000000135519033270987	-0.507068764778611	0.083	0.223	0.0000000000000000000000000000000000000000000000000000000000000000000000000000000000000000000000000000000000000000000000000000000000000645070598369897	9	ISG15
0.0000000000000000000000000000000000000000000000000000000000000000000000000000000000000000000000000000000000000000000000000000000000000000000000000000000000000000000000067245836852983	-0.677247915952439	0.054	0.2	0.00000000000000000000000000000000000000000000000000000000000000000000000000000000000000000000000000000000000000000000000000000000000000000000000000000000000000000000320090183420199	9	TGFB1
0.000000000000000000000000000000000000000000000000000000000000000000000000000000000000000000000000000000000000000000000000000000000000000000000000000000000000000000000000000000000000000000000000000000000000000000000000000000000265663449109395	-1.00354103381756	0.042	0.213	0.000000000000000000000000000000000000000000000000000000000000000000000000000000000000000000000000000000000000000000000000000000000000000000000000000000000000000000000000000000000000000000000000000000000000000000000000000000126455801776072	9	FGL2
0.0000000000000000000000000000000000000000000000000000000000000000000000000000000000000000000000000000000000000000000000000000000000000000000000000000000000000000000000000000000000000000000000000000000000000000000000000706210352445148	-1.10215497870545	0.092	0.279	0.000000000000000000000000000000000000000000000000000000000000000000000000000000000000000000000000000000000000000000000000000000000000000000000000000000000000000000000000000000000000000000000000000000000000000000000033615612776389	9	APOE
0.000000000000000000000000000000000000000000000000000000000000000000000000000000000000000000000000000000000000000000000000000000000000000000000000000000000000000000000000000000000000000000000000000000000000000000000000000000000000000000000000000000000000000000000000000000000000000000000000000000637816224215219	-1.10295940734948	0.047	0.257	0.000000000000000000000000000000000000000000000000000000000000000000000000000000000000000000000000000000000000000000000000000000000000000000000000000000000000000000000000000000000000000000000000000000000000000000000000000000000000000000000000000000000000000000000000000000000000000000000000000303600522726444	9	FCGR1A
0.000000000000000000000000000000000000000000000000000000000000000000000000000000000000000000000000000000000000000000000000000000000000000000000000000000000000000000000000000000000000000000000436471162051291	-1.12519723803775	0.172	0.353	0.000000000000000000000000000000000000000000000000000000000000000000000000000000000000000000000000000000000000000000000000000000000000000000000000000000000000000000000000000000000000000000207760273136415	9	CDK4
0.0000000000000000000000000000000000000000000000000000000000000000000000000000000000000000000000000000000000000000000000000000000000000000000000000000000000000000000000000000000000000000000000000000000000000000000000000000000000000000000000000000000000000000000000000000000000000000000000000000525408427664045	-1.2232564560091	0.081	0.306	0.0000000000000000000000000000000000000000000000000000000000000000000000000000000000000000000000000000000000000000000000000000000000000000000000000000000000000000000000000000000000000000000000000000000000000000000000000000000000000000000000000000000000000000000000000000000000000000000000000250094411568086	9	MX1
0	-1.29625793056464	0.179	0.455	0	9	CTSB
0.000000000000000000000000000000000000000000000000000000000000000000000000000000000000000000000000000000000000000000000000000000000000000000000000000000000000000000000000000000000000000000000000000000000000000000000000000000000000000000000000000106912521775009	-1.48442886507148	0.032	0.205	0.0000000000000000000000000000000000000000000000000000000000000000000000000000000000000000000000000000000000000000000000000000000000000000000000000000000000000000000000000000000000000000000000000000000000000000000000000000000000000000000000000508903603649042	9	SERPINB9
0	-1.62802929212098	0.044	0.281	0	9	MS4A6A
0.0000000000000000000000000000000000000000000000000000000000000000000000000000000000000000000000000000000000000000000000000000000000000000000000000000000000000000000000000000000000000000000000000000000000000000000000000000000000000000000000000000000000000000000000000000000000000000000000000239902326214078	-1.68796314287189	0.029	0.223	0.0000000000000000000000000000000000000000000000000000000000000000000000000000000000000000000000000000000000000000000000000000000000000000000000000000000000000000000000000000000000000000000000000000000000000000000000000000000000000000000000000000000000000000000000000000000000000000000000114193507277901	9	MS4A4A
0.00000000000000000000000000000000000000000000000000000000000000000000000000000000000000000000000000000000000000000000000000000000000000000000000000000000000000000000000000000000000000000000000000000000000000000000000000000000000000000000000000000000000000000000000000000000000000000623629483376709	-1.71749019224482	0.031	0.222	0.00000000000000000000000000000000000000000000000000000000000000000000000000000000000000000000000000000000000000000000000000000000000000000000000000000000000000000000000000000000000000000000000000000000000000000000000000000000000000000000000000000000000000000000000000000000000000296847634087313	9	HLA-DPB1
0	-1.7412846308798	0.07	0.388	0	9	PTPRC
0	-1.74724693316312	0.23	0.525	0	9	MDM2
0	-1.79396178921909	0.038	0.265	0	9	AIF1
0	-1.83874156277481	0.057	0.306	0	9	TGFBI
0	6.59545418893871	0.362	0.018	0	3	S100A8
0	5.76108808986624	0.707	0.086	0	3	S100A9
0	3.99142651867346	0.219	0.034	0	3	IL1R2
0	3.71810322776772	0.212	0.042	0	3	AQP9
0	3.60274395455445	0.242	0.079	0	3	CXCL8
0.0000000000000000000000000000000000000000000000000000000000000000000000000000000000000000000000000000000000000000000000000000000000000000000000000000000000000000000000000000000000000000000000000000000000000000000000000000000000000000000000000531590505555854	2.61319775403933	0.296	0.133	0.0000000000000000000000000000000000000000000000000000000000000000000000000000000000000000000000000000000000000000000000000000000000000000000000000000000000000000000000000000000000000000000000000000000000000000000000000000000000000000000000253037080644586	3	ITGAX
0	2.58830400962149	0.387	0.181	0	3	VCAN
0	2.53444151641975	0.351	0.148	0	3	TIMP1
0.0000000000000000000000000000000000000000000000000000000000000125096703706617	2.29405318814815	0.203	0.129	0.00000000000000000000000000000000000000000000000000000000000595460309643496	3	IGFBP3
0.00000000000000000000000000000000000000000000000000000000000000000000000000000000000000000000000000000000000000000000000000000000000000000000000000000000000000000000000340538349914616	2.26491223694711	0.275	0.139	0.00000000000000000000000000000000000000000000000000000000000000000000000000000000000000000000000000000000000000000000000000000000000000000000000000000000000000000000162096254559357	3	MNDA
0.0000000000000000000000000000000000000000000000000000000000000000000000000000000000000000000000000000000000000000000000000000440392779822153	1.74036474979048	0.404	0.271	0.0000000000000000000000000000000000000000000000000000000000000000000000000000000000000000000000000000000000000000000000000209626963195345	3	LYZ
0.0000000000000000000000000000000000000000000890882235910943	1.56571142580538	0.242	0.173	0.0000000000000000000000000000000000000000424059944293609	3	CXCR4
0.0000000000000000000000000000000000000000000000000000000000000000000000000000000000000000000000000000155842298237809	1.43663170782999	0.234	0.128	0.0000000000000000000000000000000000000000000000000000000000000000000000000000000000000000000000000074180933961197	3	MPEG1
0.0000000000000000000000000000242453681876711	1.36971960542553	0.253	0.202	0.0000000000000000000000000115407952573314	3	IFNGR1
0.000000000000000000000000000000000000000000000000000000000000158291519881068	1.35039024764118	0.328	0.254	0.0000000000000000000000000000000000000000000000000000000000753467634633885	3	AIF1
0.000000000000617489051108076	1.23107389513434	0.204	0.175	0.000000000293924788327444	3	CD93
0.0000000000000000000000000155067764338591	1.1171320127341	0.213	0.165	0.00000000000000000000000738122558251696	3	C1orf162
0.00000000995195547405248	1.01444942439087	0.206	0.187	0.00000473713080564898	3	TYROBP
0.0000000333323956254121	0.993087037757129	0.245	0.231	0.0000158662203176962	3	CD14
0.000000327520155405524	0.987005901505261	0.201	0.183	0.00015589959397303	3	PECAM1
0.00000000000000000000000000000000201359406632091	0.879504817332651	0.327	0.271	0.000000000000000000000000000000958470775568752	3	FN1
0.000000687426389537257	0.871173653886788	0.343	0.351	0.000327214961419735	3	LDHA
0.00000000466918310201452	0.859664248393132	0.306	0.296	0.00000222253115655891	3	PGK1
0.000000161912047468086	0.74666302803198	0.36	0.365	0.000077070134594809	3	VEGFA
0.0000000000000000550770020329733	0.740455927090756	0.324	0.295	0.0000000000000262166529676953	3	TGFBI
0.000459590232239	0.701439383995248	0.211	0.206	0.218764950545764	3	FGL2
0.00000000000000000000000000000000000000000000000000000000000000000000000000000000000000000000000000000000116316177568031	0.679835977976367	0.735	0.663	0.000000000000000000000000000000000000000000000000000000000000000000000000000000000000000000000000000000553665005223828	3	GAPDH
0.000000000000000000000000000000000000000000000000000000000000000000000029225247150841	-0.686799761925275	0.158	0.3	0.0000000000000000000000000000000000000000000000000000000000000000000139112176438003	3	MX1
0.0000000000000000000000000000000000000000000000000000000000000000000000000000000000953564026924308	-0.735876539752309	0.086	0.219	0.0000000000000000000000000000000000000000000000000000000000000000000000000000000453896476815971	3	TGFBR1
0.0000000000000000000000000000000000703901443996722	-0.785484959896023	0.131	0.216	0.000000000000000000000000000000033505708734244	3	HLA-DPB1
0	1.85008552918229	0.806	0.27	0	1	C1QC
0	1.81783365589943	0.975	0.405	0	1	C1QB
0	1.60335097642712	0.813	0.308	0	1	C1QA
0	1.59650229910489	0.819	0.369	0	1	SPP1
0	1.58245259448862	0.265	0.112	0	1	CX3CR1
0	1.56004621728942	0.553	0.21	0	1	VSIG4
0	1.5201023003584	0.548	0.214	0	1	CD14
0	1.51801972271931	0.652	0.25	0	1	APOE
0	1.48233668635663	0.643	0.261	0	1	FCGR3A
0	1.47308113033347	0.614	0.252	0	1	MS4A6A
0	1.43379559350728	0.989	0.523	0	1	CD74
0	1.36417008649587	0.608	0.241	0	1	CD163
0	1.36124891534002	0.932	0.441	0	1	HLA-DRA
0	1.29255814463695	0.533	0.24	0	1	AIF1
0	1.28351640924031	0.442	0.203	0	1	MS4A4A
0	1.23527478271658	0.355	0.166	0	1	CD93
0	1.23363927321613	0.519	0.233	0	1	FCGR1A
0	1.20707132003852	0.452	0.218	0	1	RNASE1
0	1.1955875682126	0.364	0.178	0	1	TYROBP
0.0000000000000000000000000000000000000000000000000000000000000000000000000000000000000000000000000000000000000000000000000000000000000000000000000000000000000000000000000000000000000000000000000000000000000000000000000000169992290485362	1.1747447116075	0.231	0.123	0.00000000000000000000000000000000000000000000000000000000000000000000000000000000000000000000000000000000000000000000000000000000000000000000000000000000000000000000000000000000000000000000000000000000000000000000000000809163302710321	1	CD68
0	1.14674953685462	0.877	0.419	0	1	CTSB
0.00000000000000000000000000000000000000000000000000000000000000000000000000000000000000000000000000000000000000000000000000000000000000000000000000000000000000000000000000000000000000000000000000000000000000000000000000000000000000000000000000000000000000000000000000000000000000000648528109560331	1.07919583022457	0.253	0.125	0.00000000000000000000000000000000000000000000000000000000000000000000000000000000000000000000000000000000000000000000000000000000000000000000000000000000000000000000000000000000000000000000000000000000000000000000000000000000000000000000000000000000000000000000000000000000000000308699380150718	1	TREM2
0.00000000000000000000000000000000000000000000000000000000000000000000000000000000000000000000000000000000000000000000000000000000000000000000000000000000000000000000000000000000000000000000000000000000000000000000000000000000000000000000000000000000000000000000000000000000000000000000000000000000034858560539607	1.04862977337356	0.302	0.159	0.000000000000000000000000000000000000000000000000000000000000000000000000000000000000000000000000000000000000000000000000000000000000000000000000000000000000000000000000000000000000000000000000000000000000000000000000000000000000000000000000000000000000000000000000000000000000000000000000000000165926748168529	1	C1orf162
0	1.03957765932683	0.347	0.176	0	1	CD4
0	1.02032151585177	0.573	0.281	0	1	MX1
0.000000000000000000000000000000000000000000000000000000000000000000000000000000000000000000000000000000000000000000000000000000000000000000000000000000000000000000000000000000000000000000000000000000000000000000000000000000000000000000000000000000000000000000000803965391984003	1.00216646381264	0.328	0.186	0.000000000000000000000000000000000000000000000000000000000000000000000000000000000000000000000000000000000000000000000000000000000000000000000000000000000000000000000000000000000000000000000000000000000000000000000000000000000000000000000000000000000000000000382687526584386	1	RHOB
0	0.962347371227079	0.556	0.282	0	1	TGFBI
0	0.953542871540287	0.372	0.207	0	1	TGFBR1
0.000000000000000000000000000000000000000000000000000000000000000000000000000000000000000000000000000000000000000000000000000000000000000000000000000000000000000000000000000000000000000000216126568449736	0.916940386511417	0.247	0.138	0.000000000000000000000000000000000000000000000000000000000000000000000000000000000000000000000000000000000000000000000000000000000000000000000000000000000000000000000000000000000000000102876246582074	1	ADAM28
0	0.902892094467776	0.387	0.196	0	1	FGL2
0	5.64981821461357	0.871	0.05	0	27	HLA-DQB2
0	5.25578094470913	0.777	0.028	0	27	FCER1A
0	4.96031670682336	0.565	0.018	0	27	CD1A
0	4.09049460105335	0.379	0.024	0	27	C15orf48
0.0000000000000000000000000000000000000000000000000000000000000000000000000000000000000000000000000000000000000000000000000000000000000000000000000000000000000000000000000000000000000000000000000000000000000000000000000552998960298853	2.8316409297454	0.607	0.126	0.0000000000000000000000000000000000000000000000000000000000000000000000000000000000000000000000000000000000000000000000000000000000000000000000000000000000000000000000000000000000000000000000000000000000000000000000263227505102254	27	COL1A1
0.000000000000000000000000000000000000000000000000000000000000000000000000000000000000000000000000000000000000000000000000000000000118692128954428	2.6017703483919	0.426	0.1	0.0000000000000000000000000000000000000000000000000000000000000000000000000000000000000000000000000000000000000000000000000000000564974533823076	27	SPI1
0.000000000000000000000000000000000000000000000000000000000000000000000000000000000000000000000000000000000000000000000000000000000000000000000000000000000000000000000000000000000000000000000000000000023803316969014	2.505968353406	0.728	0.212	0.0000000000000000000000000000000000000000000000000000000000000000000000000000000000000000000000000000000000000000000000000000000000000000000000000000000000000000000000000000000000000000000000000000113303788772507	27	HLA-DPB1
0.000000000000000000000000000000000000000000000000000000000000000000000000000000000000000000000000000000000000000000000000000000000000000000000000000000000000000000000000000000000000000000000000000000000000000000000000000000000000000000000000000000000000000667465954724116	2.27675621563556	0.996	0.466	0.000000000000000000000000000000000000000000000000000000000000000000000000000000000000000000000000000000000000000000000000000000000000000000000000000000000000000000000000000000000000000000000000000000000000000000000000000000000000000000000000000000000000317713794448679	27	HLA-DRA
0.00000000000000000000000000000000000000000000000000000000000000000000000000000000000000000000000000000000000000000000000000000000000000000000000000000000000000000000000000000000000000000000000000000000000000000000000000000000000000000000000000000000000000000000000000565281194313256	2.25441564867504	1	0.547	0.0000000000000000000000000000000000000000000000000000000000000000000000000000000000000000000000000000000000000000000000000000000000000000000000000000000000000000000000000000000000000000000000000000000000000000000000000000000000000000000000000000000000000000000000026907384849311	27	CD74
0.000000000000000000000000000000000000000000000000000000000000000000000000000000000000000000000000000000000000000000000000000132790824776251	2.18994262003192	0.607	0.202	0.0000000000000000000000000000000000000000000000000000000000000000000000000000000000000000000000000000000000000000000000000632084325934953	27	IFNGR1
0.000000000000000000000000000000000000000000000000000000000000000000000000000000000270646443098076	2.18881598075015	0.44	0.143	0.000000000000000000000000000000000000000000000000000000000000000000000000000000128827706914684	27	ADAM28
0.00000000000000000000000000000000000000000000000000000000000000000000000000000000000000000000000000000139994120730425	2.03907868849788	0.482	0.145	0.000000000000000000000000000000000000000000000000000000000000000000000000000000000000000000000000000666372014676822	27	GLIPR1
0.000000000000000000000000000000000000000000000000000000000000000000000000000267843746526478	1.96678251717681	0.306	0.076	0.000000000000000000000000000000000000000000000000000000000000000000000000127493623346604	27	P2RY13
0.000000000000000000000000000000000000000000000000000000000000000000000000000000000000000000000000000000870340404919715	1.89429008136013	0.335	0.07	0.000000000000000000000000000000000000000000000000000000000000000000000000000000000000000000000000000414282032741784	27	FLT1
0.00000000000000000000000000000000000000000000000000000000000168184103185172	1.78644801077382	0.275	0.073	0.000000000000000000000000000000000000000000000000000000000800556331161418	27	GPR183
0.00000000000000000000000000000000000000000000000138620471086222	1.63275291560963	0.281	0.088	0.000000000000000000000000000000000000000000000659833442370415	27	IGSF6
0.00000000000000000000000000000000000000000000000000000611673476662502	1.55205630361086	0.386	0.142	0.00000000000000000000000000000000000000000000000000291156574891351	27	MNDA
0.0000000000000000000000000000000575847261578642	1.41327918167283	0.357	0.166	0.0000000000000000000000000000274103296511433	27	C1orf162
0.0000000000000000000000000000000000000000000000000000989057109662474	1.40582816100744	0.308	0.093	0.0000000000000000000000000000000000000000000000000470791184199338	27	IL1R1
0.0000000000000000000000000000000000000000000000000000000138916464941354	1.32636837085211	0.554	0.255	0.00000000000000000000000000000000000000000000000000000661242373120846	27	AIF1
0.000000000000000000000000000000226302536534036	1.2669708093026	0.377	0.184	0.000000000000000000000000000107720007390201	27	CD4
0.000000000000000000000000000454817916784935	1.24766810248509	0.232	0.088	0.000000000000000000000000216493328389629	27	PLCG2
0.000000000000000000000000000000000000000000599306610917027	1.17470047975315	0.319	0.112	0.000000000000000000000000000000000000000285269946796505	27	CYTIP
0.0000000000000000000000000000000000000879101932378161	1.09185133822508	0.382	0.165	0.0000000000000000000000000000000000418452519812005	27	BASP1
0.00000000000000000000000000000614558949180488	1.08253342719836	0.413	0.205	0.00000000000000000000000000292530059809912	27	FGL2
0.0000000000000000000000000000000000000707249642907189	0.937722763678567	0.567	0.295	0.0000000000000000000000000000000000336650830023822	27	TGFBI
0.00000000000000000251260310123259	0.93457844044865	0.208	0.089	0.00000000000000119599907618671	27	COL5A2
0.000000000000168300711463902	0.872911199472762	0.246	0.131	0.0000000000801111386568174	27	TNC
0.0000000000000000000000000000000000696826829002094	0.824668343189305	0.609	0.35	0.0000000000000000000000000000000331689570604997	27	LDHA
0.000000000692674141221827	0.808797316009144	0.286	0.187	0.00000032971289122159	27	TYROBP
0	2.47751461560057	0.288	0.046	0	25	LYVE1
0	2.26647651983857	0.828	0.208	0	25	RNASE1
0	2.20173176782937	0.948	0.271	0	25	TGFBI
0	2.16416042642368	0.974	0.371	0	25	SPP1
0	2.03060911523487	0.894	0.207	0	25	CD14
0	1.96395399899761	0.354	0.058	0	25	IL1B
0	1.92339544811872	0.996	0.422	0	25	CTSB
0	1.89552518274358	0.856	0.205	0	25	VSIG4
0	1.72556656953291	0.907	0.236	0	25	CD163
0	1.72107526533551	0.759	0.154	0	25	CD93
0	1.57439482987554	0.537	0.082	0	25	ITGAM
0	1.46703661491563	0.553	0.112	0	25	CD68
0	1.43767230184697	0.921	0.275	0	25	C1QC
0	1.31316465680516	0.979	0.414	0	25	C1QB
0	1.230874438859	0.772	0.253	0	25	APOE
0	1.21015607244526	0.629	0.139	0	25	NRP1
0	1.20705217008012	0.844	0.259	0	25	FCGR3A
0	1.1892511920122	0.448	0.12	0	25	CCL2
0	1.18239903240266	0.916	0.312	0	25	C1QA
0	1.08568977216772	0.556	0.116	0	25	TREM2
0	1.07659279144179	0.672	0.169	0	25	TYROBP
0	1.06908248492462	0.29	0.056	0	25	OSM
0	1.0671221803129	0.421	0.088	0	25	SPI1
0	1.03543692888658	0.605	0.15	0	25	C1orf162
0	1.01191754065662	0.717	0.196	0	25	MS4A4A
0	0.998538221526545	0.771	0.229	0	25	FCGR1A
0	0.980728931221731	0.675	0.198	0	25	TGFBR1
0	0.943438322029962	0.66	0.167	0	25	CD4
0	0.926600395039363	0.658	0.18	0	25	SERPINB9
0	0.906855847369698	0.524	0.138	0	25	HMOX1
0	3.23288142898036	0.905	0.15	0	23	HK2
0	3.11674160216375	0.796	0.102	0	23	SLC2A1
0	3.11200545656373	0.691	0.138	0	23	HMOX1
0	2.32883695080313	0.513	0.071	0	23	CXCL8
0	2.32799722225713	0.583	0.119	0	23	IGFBP3
0	2.21722504387425	0.995	0.376	0	23	SPP1
0	2.05290552033269	0.593	0.116	0	23	CD68
0	2.00000213589673	0.743	0.145	0	23	BNIP3L
0	1.92474449089887	0.602	0.124	0	23	ITGAX
0	1.87413150510686	0.818	0.215	0	23	RNASE1
0	1.7308253875163	0.211	0.02	0	23	C15orf48
0	1.72314692206589	0.812	0.282	0	23	TGFBI
0	1.66663946679915	0.612	0.121	0	23	MIF
0	1.64158825144582	0.618	0.175	0	23	VCAN
0	1.61426212359558	0.94	0.335	0	23	LDHA
0	1.58384592165873	0.894	0.28	0	23	PGK1
0	1.5689122350116	0.407	0.078	0	23	ITGA5
0	1.55435511656113	0.939	0.35	0	23	VEGFA
0	1.52756880465617	0.714	0.213	0	23	P4HB
0	1.5007034813917	0.996	0.656	0	23	GAPDH
0	1.46546278379399	0.915	0.328	0	23	ENO1
0	1.4218519706929	0.956	0.429	0	23	CTSB
0	1.31416791958546	0.288	0.053	0	23	VWA5A
0	1.30762568303347	0.692	0.261	0	23	FN1
0	1.0576033047077	0.411	0.114	0	23	VEGFB
0	0.963406481947823	0.272	0.068	0	23	GPR183
0	0.91093630110121	0.482	0.157	0	23	BASP1
0	0.835876076023156	0.569	0.194	0	23	IFNGR1
0	0.806421444540658	0.54	0.184	0	23	TGFB1
0	0.79345704194395	0.527	0.178	0	23	TYROBP
0	3.38751044546051	0.782	0.087	0	29	EGFR
0	2.63494782819989	0.666	0.065	0	29	GPC1
0	2.38005617012342	0.621	0.083	0	29	EDNRB
0	2.10648603560634	0.955	0.258	0	29	PTN
0	2.03129915265148	0.95	0.267	0	29	GFAP
0	1.91370159901799	0.953	0.225	0	29	SOX2
0	1.87234131091412	0.775	0.191	0	29	ISG15
0	1.86775359400383	0.503	0.068	0	29	TIMP4
0	1.81420880888532	0.727	0.107	0	29	CDH2
0	1.80101131962223	0.872	0.256	0	29	CD44
0	1.79958797689385	0.669	0.106	0	29	TNC
0	1.78695524346217	0.448	0.052	0	29	SRPX
0	1.77242930691886	0.906	0.267	0	29	MX1
0	1.71416427242333	0.913	0.241	0	29	APOE
0	1.57721328453158	0.744	0.167	0	29	RHOB
0	1.5628109713953	0.334	0.068	0	29	PDGFRA
0	1.51185714986642	0.497	0.074	0	29	THY1
0	1.47138091112807	0.674	0.13	0	29	TCF4
0	1.30358862221312	0.678	0.19	0	29	IGFBP2
0	1.24501493089608	0.705	0.162	0	29	VCAN
0	1.20776003940076	0.279	0.04	0	29	PCOLCE
0	1.15622013894687	0.571	0.126	0	29	PMP22
0	1.14039593980912	0.303	0.061	0	29	OLIG2
0	1.1205048155737	0.489	0.104	0	29	VEGFB
0	1.11970923643544	0.91	0.269	0	29	C1QC
0	1.09968228094412	0.662	0.173	0	29	PDPN
0	1.08763217162501	0.749	0.193	0	29	DST
0	1.07367878509849	0.471	0.084	0	29	FGFR1
0	1.06295645942836	0.544	0.105	0	29	MEST
0	1.05710242266789	0.301	0.05	0	29	FGFR2
0	2.21510820499658	0.965	0.26	0	18	C1QC
0	2.19461344571572	0.646	0.09	0	18	CX3CR1
0	1.97190583110618	0.99	0.402	0	18	C1QB
0	1.95829560886573	0.971	0.297	0	18	C1QA
0	1.88848497415292	0.94	0.242	0	18	FCGR3A
0	1.87569716655538	0.946	0.231	0	18	MS4A6A
0	1.87209023328964	0.873	0.236	0	18	APOE
0	1.78009923308432	0.819	0.194	0	18	VSIG4
0	1.74826869880382	0.925	0.26	0	18	MX1
0	1.70693022961346	0.831	0.179	0	18	MS4A4A
0	1.59093578007333	0.837	0.196	0	18	CD14
0	1.57218834959874	0.999	0.436	0	18	HLA-DRA
0	1.55530546385126	0.43	0.065	0	18	LILRB4
0	1.54475318477899	0.883	0.224	0	18	CD163
0	1.53879565378795	0.655	0.114	0	18	ADAM28
0	1.53416337775208	0.876	0.212	0	18	FCGR1A
0	1.51826068243837	0.424	0.062	0	18	CSF2RA
0	1.51106983699327	0.731	0.143	0	18	CD93
0	1.47833264712581	1	0.521	0	18	CD74
0	1.39625840094496	0.758	0.184	0	18	TGFBR1
0	1.3851894121999	0.233	0.044	0	18	HAMP
0	1.3702935662024	0.788	0.172	0	18	FGL2
0	1.3687173915683	0.469	0.079	0	18	SPI1
0	1.33382972815598	0.518	0.088	0	18	CD72
0	1.29657331332002	0.36	0.058	0	18	TMEM119
0	1.28289033526283	0.726	0.156	0	18	TYROBP
0	1.27355672265305	0.759	0.15	0	18	PECAM1
0	1.1967656633393	0.716	0.154	0	18	CD4
0	1.16849450295282	0.688	0.19	0	18	ISG15
0	1.14579619751178	0.629	0.139	0	18	C1orf162
0	3.64209583903342	0.853	0.096	0	30	PDK4
0	3.16830528458683	0.795	0.071	0	30	CD83
0	3.15012718981661	0.701	0.081	0	30	CXCL8
0.000000000000000000000000000000000000000000000000000000000000000000000000000000000000000000000000000000000000000000000000000000000000000000236659660140577	3.11728762340063	0.392	0.068	0.000000000000000000000000000000000000000000000000000000000000000000000000000000000000000000000000000000000000000000000000000000000000000112649998226915	30	IL1B
0.00000000000000000000000000000000000000000000000000000000000000000000000000000000000000000000000000000000000000000000000000000000000000000000000000000000000000000000000000000000000000000000000000000000000000000000000000000000000000000000000000000000000000000000000000000000000000000000000184383224143843	2.86082313069817	0.773	0.135	0.000000000000000000000000000000000000000000000000000000000000000000000000000000000000000000000000000000000000000000000000000000000000000000000000000000000000000000000000000000000000000000000000000000000000000000000000000000000000000000000000000000000000000000000000000000000000000000000877664146924692	30	CCL4
0	2.79775488659073	0.643	0.072	0	30	GPR183
0	2.7706878588353	0.544	0.051	0	30	PTGDS
0	2.58996341713039	0.376	0.028	0	30	LPL
0.000000000000000000000000000000000000000000000000000000000000000000000000000000000000000000000000000000000000000000000000000000000000000000000000000000000000000000000000000000000000000000000000000000000000000000000000000000000000000000985666639310486	2.46037794136919	0.944	0.27	0.000000000000000000000000000000000000000000000000000000000000000000000000000000000000000000000000000000000000000000000000000000000000000000000000000000000000000000000000000000000000000000000000000000000000000000000000000000000000000469177320311791	30	APOE
0.0000000000000000000000000000000000000000000000000000000000000000000000000000000000000000000000000000000000000000000000000000000000000000000000000000000000000000000000000000000000000000000000000000000000000000000000000000000000000000000000000000000000000000000000000000000000000000000000278229578666122	2.25346678288	0.883	0.173	0.0000000000000000000000000000000000000000000000000000000000000000000000000000000000000000000000000000000000000000000000000000000000000000000000000000000000000000000000000000000000000000000000000000000000000000000000000000000000000000000000000000000000000000000000000000000000000000000132437279445074	30	CXCR4
0.000000000000000000000000000000000000000000000000000000000000000000000000000000000000000000000000000000000000000000000000000000000000000000000000000000000000000000000000000000000000000000000000000000000000000000000000000000000000000000000000000000000000000000000000000106473675544967	2.23468130497539	0.736	0.127	0.0000000000000000000000000000000000000000000000000000000000000000000000000000000000000000000000000000000000000000000000000000000000000000000000000000000000000000000000000000000000000000000000000000000000000000000000000000000000000000000000000000000000000000000000000506814695594043	30	CD68
0.00000000000000000000000000000000000000000000000000000000000000000000000000000000000000000000000000000000000000000000000000000000000000000000000000000000000000000000000000000000000000000000000000000146872195896628	2.09781504248291	0.384	0.046	0.000000000000000000000000000000000000000000000000000000000000000000000000000000000000000000000000000000000000000000000000000000000000000000000000000000000000000000000000000000000000000000000000000699111652467949	30	NR4A3
0	2.06197124653305	0.555	0.051	0	30	PLA2G7
0.00000000000000000000000000000000000000000000000000000000000000000000000000000000000000000000000000000000000000000000000000000000000000000000000000000000000000000000000000000000000000000000000000000000000000000000000000000000000000000000000000000000000000000000000000000000237118698882246	2.02715160762748	0.725	0.118	0.00000000000000000000000000000000000000000000000000000000000000000000000000000000000000000000000000000000000000000000000000000000000000000000000000000000000000000000000000000000000000000000000000000000000000000000000000000000000000000000000000000000000000000000000000000112868500667949	30	KCNMA1
0.000000000000000000000000000000000000000000000000000000000000000000000000000000000000000000000000000000000000000000000000000000000000000000000000000000000000000000000000000000000000000000000638263497379033	2.02200887646168	0.829	0.214	0.00000000000000000000000000000000000000000000000000000000000000000000000000000000000000000000000000000000000000000000000000000000000000000000000000000000000000000000000000000000000000000030381342475242	30	MS4A4A
0	2.00508881989315	0.416	0.028	0	30	LILRA4
0.00000000000000000000000000000000000000000000000000000000000000000000000000000000000000000000000000000000000000000000000000000000000000000000000000000000000000000000000000000000000000575398446152503	1.97598376700969	0.877	0.259	0.00000000000000000000000000000000000000000000000000000000000000000000000000000000000000000000000000000000000000000000000000000000000000000000000000000000000000000000000000000000000273889660368591	30	CD163
0.00000000000000000000000000000000000000000000000000000000000000000000000000000000000000000000000000000000000000000000000000000000000000000000000000000000000000000000000000000000000000000000000000000486647205631069	1.96312888561696	1	0.442	0.00000000000000000000000000000000000000000000000000000000000000000000000000000000000000000000000000000000000000000000000000000000000000000000000000000000000000000000000000000000000000000000000000231644069880389	30	CTSB
0.000000000000000000000000000000000000000000000000000000000000000000000000000000000000000000000000000000000000000000000000000000000000000000000000000000000000000000000000000000000000000000000000000000017868881081504	1.95984654078537	0.872	0.227	0.00000000000000000000000000000000000000000000000000000000000000000000000000000000000000000000000000000000000000000000000000000000000000000000000000000000000000000000000000000000000000000000000000000850558739479593	30	VSIG4
0.0000000000000000000000000000000000000000000000000000000000000000000000000000000000000000000000000000000000000000000000000000000000000000000000000000000000000000000000000000000000000000000000000000000000000000000000000000000000000000000000000000796089865707469	1.903726376636	0.568	0.08	0.0000000000000000000000000000000000000000000000000000000000000000000000000000000000000000000000000000000000000000000000000000000000000000000000000000000000000000000000000000000000000000000000000000000000000000000000000000000000000000000000000378938776076755	30	CSF2RA
0.0000000000000000000000000000000000000000000000000000000000000000000000000000000000000000000000000000000000000000000000000000000000000000000683281470761464	1.88630909010492	0.715	0.192	0.0000000000000000000000000000000000000000000000000000000000000000000000000000000000000000000000000000000000000000000000000000000000000000325241980082457	30	RHOB
0.0000000000000000000000000000000000000000000000000000728350375767467	1.76326441579173	0.211	0.044	0.0000000000000000000000000000000000000000000000000346694778865314	30	CXCL2
0.00000000000000000000000000000000000000000000000000000000000000000000000000000000000000000000000000000000000000000000000000000000000000000000000000000000000000000000000000000000128977920367677	1.76000659125113	0.507	0.084	0.00000000000000000000000000000000000000000000000000000000000000000000000000000000000000000000000000000000000000000000000000000000000000000000000000000000000000000000000000000061393490095014	30	LILRB4
0.000000000000000000000000000000000000000000000000000000000000000000000000000000000000000000000000000000000000000000000000000000000000000000000000000000000000000000000000000000000000000000000242265071757248	1.7268714460053	0.701	0.145	0.00000000000000000000000000000000000000000000000000000000000000000000000000000000000000000000000000000000000000000000000000000000000000000000000000000000000000000000000000000000000000000011531817415645	30	PMP22
0.000000000000000000000000000000000000000000000000000000000000000000000000000000000000000000000000000000000000000000000000000000000000000000000000000000000000000000000000000000000000000000000000000000000000000000000000000000000000037496577598077	1.69111622378485	0.701	0.124	0.0000000000000000000000000000000000000000000000000000000000000000000000000000000000000000000000000000000000000000000000000000000000000000000000000000000000000000000000000000000000000000000000000000000000000000000000000000000000178483709366847	30	IRF8
0.0000000000000000000000000000000000000000000000000000000000000000000000000000000000000000000000000000000000000000000000000000000000000000000000000000000000000000000000000000000000000000000000000000000000000000000000000000000000000000000378247726429902	1.67637417640519	0.589	0.088	0.0000000000000000000000000000000000000000000000000000000000000000000000000000000000000000000000000000000000000000000000000000000000000000000000000000000000000000000000000000000000000000000000000000000000000000000000000000000000000000180045917780633	30	IGSF6
0.00000000000000000000000000000000000000000000000000000000000000000000000000000000000000000000000000000000000000000000000000000000000000000000000000000000000000000000000000000000295556012270639	1.61134071592843	0.805	0.202	0.00000000000000000000000000000000000000000000000000000000000000000000000000000000000000000000000000000000000000000000000000000000000000000000000000000000000000000000000000000140684661840824	30	IFNGR1
0.00000000000000000000000000000000000000000000000000000000000000000000000000000000000000000000000000000000177895120934911	1.58089220405185	0.395	0.08	0.000000000000000000000000000000000000000000000000000000000000000000000000000000000000000000000000000000846780775650179	30	NLRP3
0.000000000000000000000000000000000000000000000000000000000000000000000000000000000000000000000000000000000000000000000000000000000000000000000000000000000325098343153347	1.48149961427331	0.808	0.214	0.000000000000000000000000000000000000000000000000000000000000000000000000000000000000000000000000000000000000000000000000000000000000000000000000000000154746811340993	30	TGFBR1
0.000000000000000000000000000000000000000000000000000000000000000000000000000000000000000000000000000000000000000000000000000000000000000000000000000000000000000000000000000000000000000000000000000000000000000000000472802868630294	1.45796023600421	0.72	0.135	0.00000000000000000000000000000000000000000000000000000000000000000000000000000000000000000000000000000000000000000000000000000000000000000000000000000000000000000000000000000000000000000000000000000000000000000022505416546802	30	ITGAX
0	2.42510842601592	0.491	0.158	0	4	HK2
0	2.33236177224255	0.824	0.348	0	4	VEGFA
0	2.27224154868143	0.32	0.146	0	4	HMOX1
0	2.24150868006053	0.353	0.111	0	4	SLC2A1
0	2.09212142769708	0.386	0.121	0	4	IGFBP3
0.000000000000000000000000000000000000000000000000000000000000000000000000000000000000000000000000000000000000000000000000000000000000000000000000000000000000000000000000000000000000000000000000000000000000000000000000000000000000000000000000000000000000000000000000000000000000000000000000000000000000000000260658359792563	2.06654187869935	0.211	0.078	0.00000000000000000000000000000000000000000000000000000000000000000000000000000000000000000000000000000000000000000000000000000000000000000000000000000000000000000000000000000000000000000000000000000000000000000000000000000000000000000000000000000000000000000000000000000000000000000000000000000000000000012407337926126	4	CXCL8
0	1.9761473171626	0.953	0.371	0	4	SPP1
0	1.83348169856196	0.373	0.153	0	4	BNIP3L
0	1.78769335586335	0.318	0.127	0	4	MIF
0	1.71042718822374	0.978	0.653	0	4	GAPDH
0	1.65680984112698	0.732	0.336	0	4	LDHA
0	1.48589719472455	0.611	0.284	0	4	PGK1
0	1.44042245527037	0.683	0.331	0	4	ENO1
0	1.40125226517304	0.513	0.22	0	4	RNASE1
0	1.29419252881181	0.436	0.204	0	4	IGFBP2
0.00000000000000000000000000000000000000000000000000000000000000000000000000000000000000000000000000000000000000000000000000000000000000000000000000000000000000000000000000000000746527187807781	1.13558007717816	0.317	0.181	0.00000000000000000000000000000000000000000000000000000000000000000000000000000000000000000000000000000000000000000000000000000000000000000000000000000000000000000000000000000355346941396504	4	VCAN
0.00000000000000000000000000000000000000000000000000000000000000000000000000000000000000000000000000000000000000000000000000000000000000000000000000000000000000000000000000000000000000000000000000000000000000000000000000000000000000000000000000000000000000000000000000000000000134609683544351	1.10934338269284	0.478	0.289	0.000000000000000000000000000000000000000000000000000000000000000000000000000000000000000000000000000000000000000000000000000000000000000000000000000000000000000000000000000000000000000000000000000000000000000000000000000000000000000000000000000000000000000000000000000000000640742093671111	4	TGFBI
0.0000000000000000000000000000000000000000000000000000000000000000000000000000000000000000000000000000000000000000000000000000000000000000000181509531001607	1.04956513550618	0.306	0.191	0.00000000000000000000000000000000000000000000000000000000000000000000000000000000000000000000000000000000000000000000000000000000000000000863985367567651	4	PDPN
0.00000000000000000000000000000000000000000000000000000000000000000000000000000000000000000000000000000000000000000000000000000000000000000000000000000000000000000000000000000000585883540415321	1.01757579024284	0.356	0.221	0.00000000000000000000000000000000000000000000000000000000000000000000000000000000000000000000000000000000000000000000000000000000000000000000000000000000000000000000000000000278880565237693	4	P4HB
0	0.927351452142981	0.748	0.431	0	4	CTSB
0.00000000000000000000000000000000000000000000000000000000000000000287015316330113	0.845209030620514	0.267	0.191	0.00000000000000000000000000000000000000000000000000000000000000136619290573134	4	RHOB
0	0.777307872271444	0.485	0.264	0	4	FN1
0.00000000000000000000000000000000000000000000000000000000000000000000000000000000000000000000000000000000000000000653390031538661	0.668416688331022	0.401	0.28	0.00000000000000000000000000000000000000000000000000000000000000000000000000000000000000000000000000000000000000311013655012402	4	CD44
0.0000000000000000000000000000000000222772345690288	-0.664604738724651	0.178	0.251	0.0000000000000000000000000000000106039636548577	4	FCGR1A
0.000151111100800703	-0.671013065641293	0.54	0.464	0.0719288839811345	4	HLA-DRA
0.000000000000000000000000000000000000000000000000000164604047010571	-0.732791388804499	0.131	0.219	0.0000000000000000000000000000000000000000000000000783515263770317	4	MS4A4A
0.000000000000000000000000000000000000000000000000000000000000000000000000000000000000000000000000000000000000000000000000166142215749579	-0.747582236634894	0.622	0.687	0.0000000000000000000000000000000000000000000000000000000000000000000000000000000000000000000000000000000000000000000000790836946967994	4	IFI6
0.00000000000000000000000000000000000492365921621955	-0.771942318127182	0.13	0.2	0.00000000000000000000000000000000234366178692051	4	SERPINB9
0.000000000000000000000000000000000000000000000000000934161964408675	-0.80684753028993	0.137	0.225	0.00000000000000000000000000000000000000000000000044466109505853	4	CD47
0.00000000000000000000000000000000000000000000000000000000000000000000000000000000000000000000000000000000199924291090596	-1.2117194389592	0.148	0.275	0.000000000000000000000000000000000000000000000000000000000000000000000000000000000000000000000000000000951639625591236	4	MS4A6A
0	2.22491723505045	0.515	0.108	0	28	EGFR
0	1.92167681116992	0.889	0.283	0	28	GFAP
0	1.76892587460066	0.842	0.256	0	28	APOE
0	1.64775046670785	0.636	0.207	0	28	ISG15
0	1.60790072888668	0.333	0.086	0	28	GPC1
0	1.59689730914557	0.354	0.101	0	28	EDNRB
0	1.57030983303288	0.888	0.283	0	28	C1QC
0	1.55362351670565	0.828	0.275	0	28	PTN
0	1.52680166326647	0.801	0.283	0	28	MX1
0	1.52031227153717	0.993	0.42	0	28	C1QB
0	1.48788328838194	0.363	0.114	0	28	CX3CR1
0	1.41918167393638	0.904	0.319	0	28	C1QA
0	1.35911337029797	0.776	0.268	0	28	FCGR3A
0	1.30317665761112	0.745	0.245	0	28	SOX2
0	1.28078771877453	0.273	0.083	0	28	TIMP4
0	1.18109041202067	0.628	0.218	0	28	VSIG4
0	1.15301288659375	0.495	0.186	0	28	RHOB
0	1.11752551031948	0.407	0.148	0	28	TCF4
0	1.09714499189494	0.405	0.128	0	28	CDH2
0	1.04178627794309	0.937	0.378	0	28	SPP1
0	1.02953343314139	0.666	0.274	0	28	CD44
0	0.977623093910598	0.579	0.222	0	28	CD14
0	0.951727597418515	0.612	0.246	0	28	AIF1
0	0.913432899284746	0.536	0.223	0	28	RNASE1
0	0.909971858921123	0.995	0.536	0	28	CD74
0.000000000000000000000000000000000000000000000000000000000000000000000000000000000000000000000000000000000000000000000000000000000000000000000000000000000000000000000000000000000000000000000000000000000000000000000000000000000000000000000000000000000000000000000000000000000029802115963037	0.846114722814277	0.256	0.089	0.0000000000000000000000000000000000000000000000000000000000000000000000000000000000000000000000000000000000000000000000000000000000000000000000000000000000000000000000000000000000000000000000000000000000000000000000000000000000000000000000000000000000000000000000000000000141858071984056	28	THY1
0.0000000000000000000000000000000000000000000000000000000000000000000000000000000000000000000000000000000000000000000000000000000000000000000000000000000000000000000000000000000000000000000000000000000000000000000000000000000000000000000000000000000000000000000000000000000000000000000000168581388692487	0.840606991896322	0.407	0.182	0.00000000000000000000000000000000000000000000000000000000000000000000000000000000000000000000000000000000000000000000000000000000000000000000000000000000000000000000000000000000000000000000000000000000000000000000000000000000000000000000000000000000000000000000000000000000000000000000802447410176238	28	TYROBP
0	0.834557384167322	0.952	0.455	0	28	HLA-DRA
0.0000000000000000000000000000000000000000000000000000000000000000000000000000000000000000000000000000000000000000000000000000000000000000000000000000000000000000000000000000000000000000000173651858351879	0.833936337998033	0.268	0.118	0.00000000000000000000000000000000000000000000000000000000000000000000000000000000000000000000000000000000000000000000000000000000000000000000000000000000000000000000000000000000000000000826582845754942	28	VEGFB
0	0.815914413474687	0.635	0.261	0	28	MS4A6A
0	4.80690051756682	0.719	0.028	0	17	LILRA4
0	4.72818100749626	0.591	0.05	0	17	PTGDS
0	4.60911900289511	0.701	0.027	0	17	SPIB
0	4.56521264765379	0.921	0.128	0	17	MPEG1
0	4.55748597727523	0.905	0.124	0	17	IRF8
0	4.47645108960456	0.714	0.031	0	17	IL3RA
0	4.36379651156488	0.486	0.027	0	17	TCL1A
0	4.22672604648507	0.824	0.053	0	17	GZMB
0	3.55967843229114	0.66	0.066	0	17	PLD4
0	3.35533573131378	0.394	0.023	0	17	MZB1
0.0000000000000000000000000000000000000000000000000000000000000000000000000000000000000000000000000000000000000000000000000000000000000000000000000000000000000000000000000000000000000000000000000000000000000000000000000000000000000000000000000000000000485453589587882	2.93684014655749	0.286	0.023	0.0000000000000000000000000000000000000000000000000000000000000000000000000000000000000000000000000000000000000000000000000000000000000000000000000000000000000000000000000000000000000000000000000000000000000000000000000000000000000000000000000000000231075908643832	17	DERL3
0.00000000000000000000000000000000000000000000000000000000000000000000000000000000000000000000000000000000000000000000000000000000000000000000000000000000000000000000000000000000000000000000000000000000000000000000000000000000000000000000520885384348606	2.84977260680365	0.757	0.183	0.00000000000000000000000000000000000000000000000000000000000000000000000000000000000000000000000000000000000000000000000000000000000000000000000000000000000000000000000000000000000000000000000000000000000000000000000000000000000000000247941442949936	17	CD4
0.000000000000000000000000000000000000000000000000000000000000000000000000000000000000000000000000000000000000000000000000000000000000000000000000000000000000000000000000000000000000000000000000000000000000000000000000000000000000000000000000000000000000000046557776506288	2.71189676275814	0.463	0.057	0.0000000000000000000000000000000000000000000000000000000000000000000000000000000000000000000000000000000000000000000000000000000000000000000000000000000000000000000000000000000000000000000000000000000000000000000000000000000000000000000000000000000000000221615016169931	17	SELL
0.00000000000000000000000000000000000000000000000000000000000000000000000000000000000000000000000000000000000000000000000000000000000000000000000000000000000000000000000000000000000000000127964070078822	2.65822155238527	0.205	0.016	0.000000000000000000000000000000000000000000000000000000000000000000000000000000000000000000000000000000000000000000000000000000000000000000000000000000000000000000000000000000000000000609108973575193	17	DNASE1L3
0.00000000000000000000000000000000000000000000000000000000000000000000000000000000000000000000000000000000000000000000000000000000000000000000000000000000000000000000000000000000000000000000000000000000000000000183175751583261	2.64865859826623	0.68	0.154	0.000000000000000000000000000000000000000000000000000000000000000000000000000000000000000000000000000000000000000000000000000000000000000000000000000000000000000000000000000000000000000000000000000000000000000871916577536322	17	TCF4
0.00000000000000000000000000000000000000000000000000000000000000000000000000000000000000000000000000000000000000000000000000000000000000000000000000000000000000000000000000000000000000000000000000000000000000000000000000000000000000000000000000000000000000000000000000000000000000000000848458361863557	2.46691002266266	0.56	0.073	0.00000000000000000000000000000000000000000000000000000000000000000000000000000000000000000000000000000000000000000000000000000000000000000000000000000000000000000000000000000000000000000000000000000000000000000000000000000000000000000000000000000000000000000000000000000000000000000403866180247053	17	SLAMF7
0.0000000000000000000000000000000000000000000000000000000000000000000000000000000000000000000000000000000000000000000000000000000000000000000000000000000000000117221288161034	2.30027266014185	0.43	0.073	0.00000000000000000000000000000000000000000000000000000000000000000000000000000000000000000000000000000000000000000000000000000000000000000000000000000000000557973331646523	17	GPR183
0.00000000000000000000000000000000000000000000000000000000000000000000000000000000000000000000000000000000000000000000000000000000000000000000000000000000000000000000000000000000000000000000000000000000000000000000000000000000000000000000000827811233301614	2.22253778802867	0.381	0.041	0.00000000000000000000000000000000000000000000000000000000000000000000000000000000000000000000000000000000000000000000000000000000000000000000000000000000000000000000000000000000000000000000000000000000000000000000000000000000000000000000394038147051568	17	CCR2
0.00000000000000000000000000000000000000000000000000000000000000000125574870307751	2.14877339518023	0.32	0.085	0.000000000000000000000000000000000000000000000000000000000000000597736382664893	17	LILRB4
0.00000000000000000000000000000000000000000000000000000000000000000000000000000000000000000000000000000000000000000000000000000000000000000000000000000000000000000000212264792929921	2.04099419309614	0.852	0.295	0.00000000000000000000000000000000000000000000000000000000000000000000000000000000000000000000000000000000000000000000000000000000000000000000000000000000000000000101038041434642	17	MX1
0.0000000000000000000000000000000000000000000000000000000000000000000000000000000000000000000000000000000000000000000000000000000000000000000000000000000000000000000000000000000000488474749622367	2.02212286082753	0.711	0.173	0.0000000000000000000000000000000000000000000000000000000000000000000000000000000000000000000000000000000000000000000000000000000000000000000000000000000000000000000000000000000232513980820247	17	CXCR4
0.00000000000000000000000000000000000000000000000000000000000000000000000000000000000000000225455570058823	2.0127087913791	0.442	0.121	0.00000000000000000000000000000000000000000000000000000000000000000000000000000000000000107316851348	17	VEGFB
0.0000000000000000000000000000000000000000000000000000000000000000000000000000000000000000000000000000000000000000000000000000398768575644123	1.89793155837946	0.271	0.037	0.0000000000000000000000000000000000000000000000000000000000000000000000000000000000000000000000000000000000000000000000000189813842006603	17	SH2D3C
0.0000000000000000000000000000000000000000000000000000000000000000000000000000000000000000000000000038692323066912	1.84863223594132	0.225	0.032	0.00000000000000000000000000000000000000000000000000000000000000000000000000000000000000000000000184175457798501	17	CCR7
0.000000000000000000000000000000000000000000000000000000105316692771545	1.77761284787089	0.297	0.081	0.0000000000000000000000000000000000000000000000000000501307457592555	17	CSF2RA
0.000000000000000000000000000000000000000000000000000000000000000000000000000000000000000000000000000000000000000000000000000000000000000000106160111239439	1.46045888329593	0.99	0.547	0.0000000000000000000000000000000000000000000000000000000000000000000000000000000000000000000000000000000000000000000000000000000000000000505322129499732	17	CD74
0.00000000000000000000000000000000000000000000000000000000000000021207640818542	1.42931464386804	0.504	0.183	0.00000000000000000000000000000000000000000000000000000000000010094837029626	17	PECAM1
0.0000000000000000000000000000000000000000000000000000000000000000000000807064002202792	1.40351582005609	0.652	0.27	0.0000000000000000000000000000000000000000000000000000000000000000000384162465048529	17	MS4A6A
0.00000000000000000000000000000000000000000000000000000000185891318738913	1.34368234131344	0.427	0.146	0.000000000000000000000000000000000000000000000000000000884842677197224	17	GLIPR1
0.000000000000000000000000000000000000000000000000000000000692588728243743	1.23569218471892	0.54	0.213	0.000000000000000000000000000000000000000000000000000000329672234644022	17	HLA-DPB1
0	2.40678141416798	0.798	0.287	0	12	GFAP
0.000000000000000000000000000000000000000000000000000000000000000000000000000000000000000000000000000000000000000000000000000000000000000000000000000000000000000000000000000000000000000000000000000000000000000000000000000000000000000100965802180015	1.79019089241348	0.277	0.114	0.0000000000000000000000000000000000000000000000000000000000000000000000000000000000000000000000000000000000000000000000000000000000000000000000000000000000000000000000000000000000000000000000000000000000000000000000000000000000000480597218376871	12	EGFR
0.000000000000000000000000000000000000000000000000000000000000000000000000000000000000000000000000000000000000000000000000000000000000000000000000000000000000000000000000000000000000000000000000000000000000000000000000000000000000000000000000000000000000000000000000156569766188406	1.67424644231544	0.413	0.213	0.0000000000000000000000000000000000000000000000000000000000000000000000000000000000000000000000000000000000000000000000000000000000000000000000000000000000000000000000000000000000000000000000000000000000000000000000000000000000000000000000000000000000000000000000745272087056812	12	ISG15
0	1.61030346522514	0.612	0.263	0	12	APOE
0	1.52690119100913	0.572	0.29	0	12	MX1
0.00000000000000000000000000000000000000000000000000000000000000000000000000114653351575679	1.52045476080649	0.205	0.118	0.00000000000000000000000000000000000000000000000000000000000000000000000054574995350023	12	CX3CR1
0.0000000000000000000000000000000000000000000000000000000000000000000000000000000000000000000294706046224529	1.51001905533978	0.201	0.105	0.0000000000000000000000000000000000000000000000000000000000000000000000000000000000000000140280078002876	12	EDNRB
0	1.44262007957392	0.577	0.283	0	12	PTN
0	1.39180279750853	0.522	0.252	0	12	SOX2
0	1.37097277141003	0.938	0.423	0	12	C1QB
0	1.35315905245445	0.611	0.291	0	12	C1QC
0	1.22356866419581	0.67	0.326	0	12	C1QA
0.000000000000000000000000000000000000000000000000000000000000000000000000000000000000000000000000000000000000000000000000000000000000000000000000000121604074781978	1.20693084672775	0.396	0.252	0.0000000000000000000000000000000000000000000000000000000000000000000000000000000000000000000000000000000000000000000000000000000000000000000000000578835395962217	12	AIF1
0.00000000000000000000000000000000000000000000000000000000000000000187023297135489	1.18846297791273	0.28	0.192	0.000000000000000000000000000000000000000000000000000000000000000890230894364928	12	RHOB
0.0000000000000000000000000000000000000000000000000000000000000000000000000000000000000000000000000000000000000000000000000000000000000000000000000000000000000000000000000000000000000000000000000000000000000222485469673975	1.1879850466446	0.465	0.276	0.0000000000000000000000000000000000000000000000000000000000000000000000000000000000000000000000000000000000000000000000000000000000000000000000000000000000000000000000000000000000000000000000000000000000105903083564812	12	FCGR3A
0.00000000000000000000000000000000000000000000000000000000000000000000000000000000000000000000000000000000000000000000000000000000000000000000000000000000000000000000000000000000000010095740491776	1.14515311048293	0.456	0.28	0.0000000000000000000000000000000000000000000000000000000000000000000000000000000000000000000000000000000000000000000000000000000000000000000000000000000000000000000000000000000000480557247408539	12	CD44
0.000000000000000000000000000000000000000000000000000000000000000000000000000000000000000000000000000000031301642608307	1.10757836775335	0.241	0.129	0.0000000000000000000000000000000000000000000000000000000000000000000000000000000000000000000000000000148995818815542	12	TNC
0.0000000000000000000000000000000000000000000000000000000243967379942546	1.07843097736225	0.21	0.132	0.0000000000000000000000000000000000000000000000000000116128472852652	12	CAVIN1
0.0000000000000000000000000000000000000000000000000000000000779540659667339	1.00902448977879	0.214	0.133	0.0000000000000000000000000000000000000000000000000000000371061354001653	12	CDH2
0.00000000000000000000000000000209632863828584	0.965429094305602	0.207	0.154	0.00000000000000000000000000099785243182406	12	TCF4
0	0.943662458381032	0.965	0.538	0	12	CD74
0.00000000000000000000000000000000000000000000000000000000000000000000000000000000000000000000000000000000000000501553170460114	0.933298748995928	0.403	0.268	0.00000000000000000000000000000000000000000000000000000000000000000000000000000000000000000000000000000000000238739309139014	12	MS4A6A
0.0000000000000000000000000000000000000000000000000000000000000587780796915731	0.905488748701643	0.306	0.217	0.0000000000000000000000000000000000000000000000000000000000279783659331888	12	DST
0	0.879050235063506	0.852	0.382	0	12	SPP1
0.000000000000000000000000000000000000000000000000000000000000000000000000000000000000000000000000000000000000159911048092829	0.848786792670588	0.373	0.227	0.0000000000000000000000000000000000000000000000000000000000000000000000000000000000000000000000000000000000761176588921867	12	RNASE1
0.00000000000000000000000000000000000000000000000000000000000000000309682146132095	0.843775778403574	0.324	0.226	0.00000000000000000000000000000000000000000000000000000000000000147408701558877	12	VSIG4
0	0.825537304832664	0.828	0.459	0	12	HLA-DRA
0.000000000285360486845118	0.761942260586534	0.206	0.187	0.000000135831591738276	12	TYROBP
0.0000000000000000366509144824807	0.698622433349222	0.231	0.194	0.0000000000000174458352936608	12	PDPN
0.0000000000000000000000000000000000697604117250095	0.688201643109183	0.294	0.23	0.0000000000000000000000000000000332059559811045	12	CD14
0	2.60907158218802	0.352	0.023	0	33	OPALIN
0	2.15625330801626	0.227	0.021	0	33	CLIC6
0	2.10582682451181	0.752	0.102	0	33	MADCAM1
0	2.04985737196667	0.34	0.033	0	33	ERG
0	1.99323956330887	0.291	0.031	0	33	COCH
0	1.99274598896593	0.268	0.029	0	33	BAMBI
0	1.95374966760821	0.294	0.029	0	33	PLAC9
0	1.9478045672506	0.252	0.025	0	33	TMC5
0	1.94128793362245	0.337	0.035	0	33	TSPAN19
0	1.94128063835845	0.637	0.091	0	33	RTKN2
0	1.92367763981108	0.281	0.029	0	33	CD1C
0	1.91912874830916	0.211	0.02	0	33	FGFBP1
0	1.9129560514467	0.246	0.026	0	33	DPT
0	1.9104523961708	0.312	0.032	0	33	CLCA2
0	1.90961090293298	0.27	0.028	0	33	CYP2B6
0	1.82808988619978	0.265	0.027	0	33	CYP2F1
0	1.82615942886903	0.202	0.02	0	33	ADH4
0	1.82439028399323	0.295	0.033	0	33	TNFRSF17
0	1.82375345240469	0.257	0.033	0	33	MAMDC2
0	1.82281977150225	0.344	0.037	0	33	ADH1C
0	1.81552096597198	0.47	0.067	0	33	FLT1
0	1.80769647882026	0.272	0.03	0	33	FGFBP2
0	1.80678459499815	0.31	0.034	0	33	CYP2A7
0	1.78316729386642	0.229	0.025	0	33	DNAAF1
0	1.7569186987562	0.296	0.038	0	33	ADAMTS1
0	1.75667989650045	0.437	0.057	0	33	CDKN2B
0	1.75397370483441	0.296	0.041	0	33	ESR1
0	1.73573405250331	0.372	0.045	0	33	BANK1
0	1.73166030869636	0.241	0.03	0	33	IL1A
0	1.7315352169121	0.277	0.031	0	33	MFAP5
